added_at,album_name,artist,all_artists,release_date,total_tracks,album_type,album_id,artist_id,popularity
2026-02-13T20:00:17Z,Un Verano Sin Ti,Bad Bunny,Bad Bunny,2022-05-06,23,album,3RQQmkQEvNCY4prGKE6oc5,4q3ewBCX7sLwd24euuV69X,
2026-02-24T06:39:16Z,The Mortal Coil,Polaris,Polaris,2017-11-03,11,album,1bxVLZDxByhblJftVPTddl,0v2e0oznnTaIXKLGKHphfX,
2026-02-24T06:42:03Z,Colors,Between The Buried And Me,Between The Buried And Me,2007-09-18,8,album,56mXsvBsKgRCXgmtzOAC22,2JC4hZm1egeJDEolLsMwZ9,
2026-02-21T08:22:36Z,Mezzanine,Massive Attack,Massive Attack,1998-01-01,11,album,49MNmJhZQewjt06rpwp6QR,6FXMGgJwohJLUSr5nVlf9X,
2026-02-24T06:41:45Z,Periphery IV: HAIL STAN,Periphery,Periphery,2019-04-05,9,album,0A3ms3uYiTs9MPAfQrfoKt,6d24kC5fxHFOSEAmjQPPhc,
2026-02-24T06:41:27Z,I Let It in and It Took Everything,Loathe,Loathe,2020-02-07,14,album,6nUUV3haj8ug8okTmOyIU2,4G9wSdX0klmoHfjm9i6DLd,
2026-02-24T06:40:52Z,One Of Us Is The Killer,The Dillinger Escape Plan,The Dillinger Escape Plan,2013-05-14,11,album,5PoJXoVnMX4OS5mfOOqIjk,7IGcjaMGAtsvKBLQX26W4i,
2026-02-24T06:40:29Z,Iridescent,Silent Planet,Silent Planet,2021-11-12,12,album,3PLHTrAqFD7AjNNqzVZmzr,0JGTiwfinlCuANGu4Gq2XU,
2026-02-24T06:40:09Z,Macro,Jinjer,Jinjer,2019-10-25,9,album,4cTjPXaFkUyaHr29G1PiT9,7o6cOczXTB8ioTAAJTbESf,
2026-02-24T06:39:58Z,Augment,ERRA,ERRA,2013-10-29,12,album,0SHApkUnsJkdt6a6xoSC0z,2UoOdQyBGyzrEfxcY77ce0,
2026-02-24T06:39:48Z,White Silence,Cave In,Cave In,2011-05-24,9,album,2RyihcQ336KJqwU62gCHyu,5m2NwwPj4pzGQC0PQwMBWi,
2026-02-24T06:39:37Z,The Discovery,Born Of Osiris,Born Of Osiris,2011-03-22,15,album,0bH2jgVsSblb203bq8gbS2,4HgqjpBaWctBWVHafQIpRt,
2026-02-24T06:39:24Z,The Dark Pool,Thornhill,Thornhill,2019-10-25,11,album,4rgRqlGXlhEzVtSjuRNJzv,2dE5audbkV3o5cKxvM7lBD,
2026-02-21T08:26:43Z,Chopin: Nocturnes - Sony Classical Originals,Frédéric Chopin,Frédéric Chopin; Arthur Rubinstein,1965,19,album,5Q5m22P7jIwdMSKXqhrpaN,7y97mc3bZRFXzT2szRM4L4,
2026-02-21T08:20:47Z,Midnight Marauders,A Tribe Called Quest,A Tribe Called Quest,1993-11-09,14,album,4v5x3Oo3UjQ9YmF3hRAip5,09hVIj6vWgoCDtT03h8ZCa,
2026-02-22T11:55:19Z,Aerials,Shadow Cliq,Shadow Cliq; Sarah de Warren,2021-07-23,1,single,43ru4YUjr38AF6ndLv0inb,3MwmjpfJvIoCarmc1eehbu,
2026-02-21T08:26:03Z,Nebraska,Bruce Springsteen,Bruce Springsteen,1982-09-30,10,album,6yskFQZNlLYhkchAxELHi6,3eqjTLE0HfPfh78zjh6TqT,
2026-02-21T08:25:28Z,Melodrama,Lorde,Lorde,2017-06-16,11,album,2B87zXm9bOWvAJdkJBTpzF,163tK9Wjr9P9DmM0AVK7lm,
2026-02-21T08:24:20Z,Untrue,Burial,Burial,2007,13,album,1iRPiEYHIX2zpF8lkW54SK,0uCCBpmg6MrPb1KY2msceF,
2026-02-21T08:25:05Z,Disintegration (2010 Remaster),The Cure,The Cure,1989-05-02,12,album,0A13JySVHzBoRZFk2o89Wl,7bu3H8JO7d0UbMoVzbo70s,
2026-02-21T08:21:26Z,Promise,Sade,Sade,1985-11-04,11,album,4wCvCNsMJJvyeX5mGO40ae,47zz7sob9NUcODy0BTDvKx,
2026-02-21T08:22:24Z,Dummy,Portishead,Portishead,1994-01-01,11,album,3539EbNgIdEDGBKkUf4wno,6liAMWkVf5LH7YR9yfFy1Y,
2026-02-21T08:20:31Z,Kind Of Blue,Miles Davis,Miles Davis,1959-08-17,5,album,1weenld61qoidwYuZ1GESA,0kbYTNQb4Pb1rPbbaF0pT4,
2026-01-11T07:31:11Z,Nyron Higor,Nyron Higor,Nyron Higor,2025-01-31,10,album,0nitpnlFxgYDahn94EyF5U,2WYlmnoa3sQwZVX6CYwlsQ,
2026-01-27T17:00:08Z,PORTALS,TesseracT,TesseracT,2021-08-27,14,album,2hF7dY29EsfBvXe65PYPBd,23ytwhG1pzX6DIVWRWvW1r,
2026-02-13T16:00:08Z,Deloused in the Comatorium,The Mars Volta,The Mars Volta,2003-01-01,10,album,0CA2EVHhRPR5VPV78KZw89,75U40yZLLPglFgXbDVnmVs,
2022-11-05T21:39:11Z,Around the Fur,Deftones,Deftones,1997-10-27,10,album,7o4UsmV37Sg5It2Eb7vHzu,6Ghvu1VvMGScGpOUJBAHNH,
2019-09-06T13:23:43Z,Sleep,Max Richter,Max Richter,2015,204,album,0JLN7JryQ2T7lBEYIrSQF1,2VZNmg4vCnew4Pavo8zDdW,
2025-12-16T17:50:06Z,Motion,Peter Sandberg,Peter Sandberg,2019-03-01,10,album,1gS96GdBcmp3BGrdHQLGrp,3LtlJprzuq0Ii8p8YFZXai,
2025-11-27T01:10:55Z,L.D. 50,Mudvayne,Mudvayne,2000-08-13,17,album,79cxLehm2WE9NMIRcJaqK9,2Pfv2w8a20xzC7Dr7QXRqM,
2025-11-25T07:03:51Z,SEYCHELLES,Masayoshi Takanaka,Masayoshi Takanaka,1976,8,album,7BQPfd39YTObQGamGhDF7g,2Ex4vjQ6mSh5woTlDWto6d,
2025-11-25T07:03:26Z,Bar Mediterraneo,Nu Genea,Nu Genea,2022-05-13,8,album,2OeKJLLD5jcYMgJAExURqS,77J3V0V7sEOf5ifCDBSNaJ,
2025-11-25T07:02:48Z,Coastal Grooves,Blood Orange,Blood Orange,2011-08-30,10,album,5U2cyX2FRa8CjzdMpqZNJl,6LEeAFiJF8OuPx747e1wxR,
2025-11-25T07:02:16Z,open this wall,berlioz,berlioz,2024-07-12,11,album,1NjMj1u1EQxn8oESg40bPA,3k3RY7kR8f0vp8Cq27P141,
2025-10-12T23:27:30Z,Audioslave,Audioslave,Audioslave,2002-11-17,14,album,78guAsers0klWl6RwzgDLd,2ziB7fzrXBoh1HUPS6sVFn,
2025-09-11T13:56:56Z,Say No,Cam Steen,Cam Steen; NSEK,2025-02-05,1,single,7vTrovDPtFqL6YtZmtEzxg,7t9afRFax4ByKMkrhejMwd,
2025-08-23T02:40:29Z,private music,Deftones,Deftones,2025-08-22,11,album,1gmWnG5TeRj91Tdm2lpEvJ,6Ghvu1VvMGScGpOUJBAHNH,
2025-06-10T00:54:57Z,The Battle Of Los Angeles,Rage Against The Machine,Rage Against The Machine,1999-11-02,12,album,2eia0myWFgoHuttJytCxgX,2d0hyoQ5ynDBnkvAbJKORj,
2025-06-03T20:56:36Z,Beethoven: Symphonies Nos.4 & 7,Ludwig van Beethoven,Ludwig van Beethoven; Berliner Philharmoniker; Herbert von Karajan,1985-01-01,8,album,2KSJA9WWEs5XtFORmIAdeU,2wOqMjp9TyABvtHdOSOTUS,
2025-06-03T20:49:16Z,Beethoven: Symphony No.9,Ludwig van Beethoven,Ludwig van Beethoven; Janet Perry; Agnes Baltsa; Vinson Cole; José van Dam; Berliner Philharmoniker; Wiener Singverein; Herbert von Karajan,1984-01-01,5,album,3PFXzb8ySwZMDjyD25c6Bt,2wOqMjp9TyABvtHdOSOTUS,
2025-05-23T02:35:08Z,Rivière,Jordan Critz,Jordan Critz,2025-05-22,2,single,3bKYDFYXiPC8BF6YspiE1l,37eAVTi0h4cxTkScarLPFC,
2025-05-18T16:07:46Z,plato's twins,daoud,daoud,2025-05-02,1,single,5LsOAvmhnNpDSPuJtIAndo,3e76yvk1gLZQhKZiUHkMsP,
2025-05-08T11:00:00Z,Night,Nils Frahm,Nils Frahm,2025-05-09,5,single,4bxZ8UEIrzuw2qPE5ZPfbi,5gqhueRUZEa7VDnQt4HODp,
2025-05-02T14:55:52Z,Metamorphosis,Adrián Berenguer,Adrián Berenguer,2025-05-02,13,album,5chDH86l4WflsCFbDHoXaF,7rIUiy8qJEFQ5oooWdnhQv,
2025-04-23T22:23:00Z,Emergence,Max Cooper,Max Cooper,2016-11-25,11,album,26vmJ6CjPxYWYYa2B4d9my,0WSSKmoRbxqLf3MnXInQ2J,
2025-02-05T02:21:16Z,"Silver Lining, Pt. 2",A Moments Notice,A Moments Notice,2025-01-24,1,single,3GiQ8XbvBeykS4mrdTuyW3,1sz0RJzPpzXkA0Njm1tPra,
2025-01-24T23:42:28Z,Savior,Jason Bieler And The Baron Von Bielski Orchestra,Jason Bieler And The Baron Von Bielski Orchestra,2025-01-24,1,single,55WbS9yBfRRuGp8n3WOD6i,47biWYcWFwHFOUMWES43Kt,
2024-12-28T19:51:09Z,Eternal Blue,Spiritbox,Spiritbox,2021-09-17,12,album,4OXoBlapQygTdzAifJm8BL,4MzJMcHQBl9SIYSjwWn8QW,
2024-12-10T21:45:46Z,All Hour Cymbals,Yeasayer,Yeasayer,2007-10-23,11,album,6mVyKlhq3v2IHeksO38syx,04HvbIwBccFmRie5ATX4ft,
2024-12-10T21:45:40Z,Odd Blood,Yeasayer,Yeasayer,2010,10,album,4OTfa7TIDrZjGKCDu8dUqG,04HvbIwBccFmRie5ATX4ft,
2024-11-26T16:05:20Z,Corda: Complete,Abstract Aprils,Abstract Aprils,2024-11-22,16,album,0ZimREpwhfjSCn50cvBYZX,0tEsiY5wdNsxeUga1b8yu0,
2024-10-15T23:34:32Z,"2000.05.26 - San Sebastian, Spain (Live)",Pearl Jam,Pearl Jam,2000-05-26,27,compilation,4P4I73nPTkJ8wwHKosVrRB,1w5Kfo2jwwIPruYS2UWh56,
2024-09-27T18:06:37Z,The Essential Nina Simone,Nina Simone,Nina Simone,2011-03-15,29,compilation,0WVtEeEOLl7bP4LL4yz7xv,7G1GBhoKtEPnP86X2PvEYO,
2024-09-27T18:05:55Z,I Put A Spell On You,Nina Simone,Nina Simone,1965-06-01,12,album,3ofZeSWPHZOE5WC2tNZDez,7G1GBhoKtEPnP86X2PvEYO,
2024-08-02T22:42:52Z,Aghori Mhori Mei,The Smashing Pumpkins,The Smashing Pumpkins,2024-08-02,10,album,2BoDjxlw4rrLUOaoVtarU1,40Yq4vzPs9VNUrIBG5Jr2i,
2024-07-26T00:05:46Z,Immunity,Jon Hopkins,Jon Hopkins,2013-06-03,17,album,0Dg1KwgmtUzeMQonDCUFhQ,7yxi31szvlbwvKq9dYOmFI,
2024-07-11T16:45:24Z,The In Sound From Way Out!,Beastie Boys,Beastie Boys,1996-01-01,13,compilation,0nA01XOVBUoi1zDVVYKz4i,03r4iKL2g2442PT9n2UKsx,
2024-06-27T14:31:01Z,New Chautauqua,Pat Metheny,Pat Metheny,1979-03-01,6,album,2FCg1tqAD1OR1oXkV4dRK5,3t58jfUhoMLYVO14XaUFLA,
2024-01-13T17:26:40Z,Changing Light,Ironsides,Ironsides,2023-05-19,8,album,7eII7QAOqIVEYVJPJgMMeN,4nzySyLtM3nYbLWVB8gy0U,
2023-12-14T16:12:59Z,the classic symptoms of a broken spirit,Architects,Architects,2022-10-21,11,album,5ncQrFYuAZYrNcbzbJjgL4,3ZztVuWxHzNpl0THurTFCv,
2023-12-14T16:12:39Z,For Those That Wish To Exist,Architects,Architects,2021-02-26,15,album,7qemUq4n71awwVPOaX7jw4,3ZztVuWxHzNpl0THurTFCv,
2023-08-21T16:45:30Z,October Rust (Special Edition),Type O Negative,Type O Negative,1996-08-19,18,album,6BkeUWI72Lssc077AxqQek,0blJzvevdXrp21YeI2vbco,
2023-08-21T16:45:16Z,Bloody Kisses (Top Shelf Edition),Type O Negative,Type O Negative,1994-05-10,17,album,22PP61GmfGKAhIQo2ZSRxG,0blJzvevdXrp21YeI2vbco,
2023-08-21T16:45:05Z,Life Is Killing Me,Type O Negative,Type O Negative,2003-06-09,15,album,4AdGr92Z6Ff2WbKP5Ja2QC,0blJzvevdXrp21YeI2vbco,
2023-08-07T21:30:28Z,Jorge Ben,Jorge Ben Jor,Jorge Ben Jor,1969-01-20,11,album,3V3XJ3Sh62jPUYUMSQ1Tsf,5JYtpnUKxAzXfHEYpOeeit,
2023-07-21T02:26:52Z,Build It Better,Aron Wright,Aron Wright,2015-03-19,1,single,0lY0yzXEGGZP85UtyPbJTZ,4MKVLp1MAwYFqaXhe1g8dA,
2023-07-19T00:42:44Z,Déjà Vu,NOVELISTS,NOVELISTS,2022-09-23,12,album,4aSQ7ZdevivIQFeSMWxPSW,6o8sDniHcZPM1SixvjKiYS,
2023-06-24T21:42:35Z,Helping Hands...Live & Acoustic at The Masonic,Metallica,Metallica,2019-02-01,12,album,3KESkLVC8ivaWmZAoDinoc,2ye2Wgw4gimLv2eAKyk1NB,
2023-04-19T23:53:15Z,Long Ambients 1: Calm. Sleep,Moby,Moby,2016-02-26,11,album,1h32pmraYfMfLTnNrWw6V4,3OsRAKCvk37zwYcnzRf5XF,
2023-04-07T21:27:45Z,Thomas Bangalter: Mythologies,Thomas Bangalter,Thomas Bangalter; Orchestre National Bordeaux Aquitaine; Romain Dumas,2023-04-07,23,album,1i4H2BWn5piksHT9QkEpjq,41vv2Tj1knysv6MuFUmdwi,
2023-04-06T14:27:31Z,Invisible Cities,A Winged Victory for the Sullen,A Winged Victory for the Sullen; Adam Wiltzie; Dustin O'Halloran,2021-02-26,13,album,5jZGc1A6FrsN8qssSxxTce,13CMfEeq8AC6ryGOPODqE1,
2023-03-15T19:11:12Z,Vignette,The Kount,The Kount; Kaelin Ellis,2022-09-23,13,album,2FsL8EEjgrmyyHwe9FLxXA,24OnVX6EYwtu7P3jpMenPY,
2023-03-02T03:02:19Z,Moan,Nik Nocturnal,Nik Nocturnal,2023-02-27,1,single,4tQOYmg2eLozyK8y5xQXhM,1Gc5ZiJhqjQQcfvMTSCa3q,
2023-02-12T21:10:43Z,Superfuzz Bigmuff (Deluxe Edition),Mudhoney,Mudhoney,1988-10-01,32,album,318b6Is2MnqkuL079NnPko,7LuYiSXiWs86rwWJjEEgB9,
2023-02-11T21:54:16Z,ReBirth - EP,Javier Santiago,Javier Santiago,2020-09-18,6,single,3oloiyQgCoTq0t155i0anl,3L3oWS9VsgTRBF7HFHdOEz,
2023-02-07T16:28:04Z,Lady Sings The Blues,Billie Holiday,Billie Holiday,1956-01-01,12,album,4Es5UWdUtj8CYn99AqCWPo,1YzCsTRb22dQkh9lghPIrp,
2023-02-06T01:29:33Z,Patient Number 9,Ozzy Osbourne,Ozzy Osbourne,2022-09-09,13,album,4u1LXToDGOdhDDf4c9zeqb,6ZLTlhejhndI4Rh53vYhrY,
2023-01-30T15:26:13Z,Ambient 2: The Plateaux Of Mirror (Remastered 2004),Harold Budd,Harold Budd; Brian Eno,1980,10,album,5ma9r5NFV0poevmydI2qgO,3uOCouLFR4bVx0XeiQJSbl,
2022-12-04T16:41:03Z,White Pony (20th Anniversary Deluxe Edition),Deftones,Deftones,2020-12-11,22,album,57KFwKnC0ZjaIQGnhE7ops,6Ghvu1VvMGScGpOUJBAHNH,
2022-12-04T16:40:59Z,Ohms,Deftones,Deftones,2020-09-25,10,album,0VEFy5MsBiq0u2lWL0OwOd,6Ghvu1VvMGScGpOUJBAHNH,
2022-12-04T16:40:53Z,Covers,Deftones,Deftones,2011-04-16,11,album,7rLUzHOq0d0mRGGEIqKfli,6Ghvu1VvMGScGpOUJBAHNH,
2022-12-04T16:40:41Z,Deftones,Deftones,Deftones,2003,11,album,6252G7bGCVijXlqAjtjeDP,6Ghvu1VvMGScGpOUJBAHNH,
2022-12-04T16:40:31Z,Koi No Yokan,Deftones,Deftones,2012-11-09,11,album,4PIVdqvL1Rc7T7Vfsr8n8Q,6Ghvu1VvMGScGpOUJBAHNH,
2022-12-04T16:40:25Z,Diamond Eyes,Deftones,Deftones,2010-04-30,11,album,1GjjBpY2iDwSQs5bykQI5e,6Ghvu1VvMGScGpOUJBAHNH,
2022-12-02T14:22:36Z,Lateralus,TOOL,TOOL,2001-05-15,13,album,5l5m1hnH4punS1GQXgEi3T,2yEwvVSSSUkcLeSTNyHKh8,
2022-12-02T14:22:29Z,"10,000 Days",TOOL,TOOL,2006-04-28,11,album,1fvWYcbjuycyHpzNPH1Vfk,2yEwvVSSSUkcLeSTNyHKh8,
2022-12-02T14:22:12Z,Foo Fighters,Foo Fighters,Foo Fighters,1995-07-04,12,album,4EnNuo8fG7dMoxMefbApRY,7jy3rLJdDQY21OgRLCZ9sD,
2022-12-02T14:21:51Z,Kill 'Em All (Deluxe Remaster),Metallica,Metallica,1983-07-25,54,album,7GttoSWxEi5lZvIWeSrh6n,2ye2Wgw4gimLv2eAKyk1NB,
2022-12-02T14:21:43Z,Load,Metallica,Metallica,1996-06-04,14,album,5rI3pfrpvmdYtGAsBwaGec,2ye2Wgw4gimLv2eAKyk1NB,
2022-12-02T14:21:39Z,Reload,Metallica,Metallica,1997-11-18,13,album,7KDqRmr937ylvGilPGWxfD,2ye2Wgw4gimLv2eAKyk1NB,
2022-12-02T14:21:32Z,St. Anger,Metallica,Metallica,2003-06-05,11,album,4ljK2LVKvEPd5xPgUJn0Bs,2ye2Wgw4gimLv2eAKyk1NB,
2022-12-02T14:21:17Z,S&M,Metallica,Metallica,1999-11-23,21,album,3kVRcb2fuCcKcqltzczxRP,2ye2Wgw4gimLv2eAKyk1NB,
2022-12-02T14:21:11Z,...And Justice for All (Remastered),Metallica,Metallica,1988-09-07,9,album,4Cn4T0onWhfJZwWVzU5a2t,2ye2Wgw4gimLv2eAKyk1NB,
2022-12-02T14:21:05Z,S&M2,Metallica,Metallica; San Francisco Symphony,2020-08-28,22,album,4vxkHVyS6D66Rwt0mpz0cS,2ye2Wgw4gimLv2eAKyk1NB,
2022-12-02T14:20:58Z,Metallica (Remastered),Metallica,Metallica,1991-08-12,12,album,55fq75UfkYbGMq4CncCtOH,2ye2Wgw4gimLv2eAKyk1NB,
2022-12-02T14:20:54Z,Master of Puppets (Remastered Deluxe Box Set),Metallica,Metallica,1986-03-03,137,album,7CGhx630DIjdJqaBDVKc5j,2ye2Wgw4gimLv2eAKyk1NB,
2022-12-02T14:18:31Z,Steal This Album!,System Of A Down,System Of A Down,2002-11-26,16,album,6lA1sGw7eCv27bcpd5E0wT,5eAWCfyUhZtHHtBdNk56l1,
2022-11-05T21:39:46Z,White Pony,Deftones,Deftones,2000,12,album,5LEXck3kfixFaA3CqVE7bC,6Ghvu1VvMGScGpOUJBAHNH,
2022-11-05T12:18:48Z,Somnia,God Is An Astronaut,God Is An Astronaut,2022-11-04,11,album,7DLHoRDwYZyJzA9voHj7pf,079svMEXkbT5nGU2kfoqO2,
2022-10-22T14:17:29Z,Songs For The Deaf,Queens of the Stone Age,Queens of the Stone Age,2002,15,album,58HZZpS0wxJKwGjoerg0mk,4pejUc4iciQfgdX6OKulQn,
2022-10-19T23:39:24Z,Songbook,Chris Cornell,Chris Cornell,2011-01-01,17,album,24QtdNLprYc0U57zdMcQoc,0XHiH53dHrvbwfjYM7en7I,
2022-10-04T00:54:19Z,The Great Dismal,Nothing,Nothing,2020-10-30,10,album,0LKwC9p0PLomstKm9Y0nt3,60mqEPQp1eNjuwt1Z4yL4J,
2022-09-29T14:28:20Z,Hallelujah,Igorrr,Igorrr,2012-12-21,11,album,3eLvDNfWAMpytqIp073FEc,2p2uE4i92Dn4DkThfoKIB9,
2022-09-19T21:11:14Z,Guidance,Russian Circles,Russian Circles,2016-08-05,7,album,2UskUDH7emQ3nBqhDgGhzj,0AZ3VR0YbFcS0Kgei7L2QF,
2022-07-29T16:13:38Z,NOT TiGHT,DOMi & JD BECK,DOMi & JD BECK,2022-07-29,15,album,6cXQ0dxd2pWCTFhZ8RIg2j,4UpA1KitN1RgIZVyWDbZ0U,
2022-07-29T04:18:43Z,TAKE A CHANCE (feat. Anderson .Paak),DOMi & JD BECK,DOMi & JD BECK; Anderson .Paak,2022-07-06,1,single,0ul8b1Rp5B7e8iZKSdvSlm,4UpA1KitN1RgIZVyWDbZ0U,
2022-07-03T12:01:02Z,Music For Psychedelic Therapy,Jon Hopkins,Jon Hopkins,2021-11-12,9,album,2zY5p176SfmupXceLKT6bH,7yxi31szvlbwvKq9dYOmFI,
2022-04-08T14:46:23Z,Favourite Guitar Works,Simon Dinnigan,Simon Dinnigan,1998-07-16,16,album,0pnRi0UoqvjSaxpzLuwgz9,7yyekJa5BB1YyKlQiJCPAV,
2022-02-22T14:20:49Z,My Favorite Things,John Coltrane,John Coltrane,1961,4,album,3nLStxdTkSzihxm7FTLzCP,2hGh5VOeeqimQFxqXvfCUf,
2021-12-28T16:15:46Z,System Of A Down (Deluxe Version),System Of A Down,System Of A Down,1998,17,album,3sSfjX4fhZonjyZ10x0l0f,5eAWCfyUhZtHHtBdNk56l1,
2021-12-28T16:15:30Z,Hypnotize,System Of A Down,System Of A Down,2005-11-22,12,album,3QxX3NbWyLlLG6lP1xveL3,5eAWCfyUhZtHHtBdNk56l1,
2021-12-28T16:15:27Z,Mezmerize,System Of A Down,System Of A Down,2005-05-17,11,album,0cn6MHyx4YuZauaB7Pb66o,5eAWCfyUhZtHHtBdNk56l1,
2021-12-28T16:15:23Z,Toxicity,System Of A Down,System Of A Down,2001-09-04,15,album,6jWde94ln40epKIQCd8XUh,5eAWCfyUhZtHHtBdNk56l1,
2021-11-17T22:16:52Z,Opalescent,Jon Hopkins,Jon Hopkins,2001,12,album,7wPJ4V3ueggJxvaYscV9Ou,7yxi31szvlbwvKq9dYOmFI,
2021-10-28T04:27:49Z,Singularity,Jon Hopkins,Jon Hopkins,2018,12,album,1nvzBC1M3dlCMIxfUCBhlO,7yxi31szvlbwvKq9dYOmFI,
2021-09-02T04:16:08Z,Heaven and Earth,Kamasi Washington,Kamasi Washington,2018-06-22,16,album,6f3h8jHeXY6I6qduBrK3eK,6HQYnRM4OzToCYPpVBInuU,
2021-07-05T08:00:47Z,Rachmaninov: Piano Concerto No.3 / Tchaikovsky: Piano Concerto No.1,Martha Argerich,Martha Argerich; Deutsches Symphonie-Orchester Berlin; Riccardo Chailly; Bavarian Radio Symphony Orchestra; Kirill Kondrashin,1995-01-01,6,compilation,3PgIvndXsIhfbvwPSKSUre,66MvLAvLznk5UOvASVGjk4,
2021-07-05T08:00:36Z,Rachmaninov: Piano Concertos Nos. 1 & 2,Sergei Rachmaninoff,Sergei Rachmaninoff; Krystian Zimerman; Boston Symphony Orchestra; Seiji Ozawa,2003-01-01,6,album,1KVlcpGfBaYoRTYKz8X5qY,0Kekt6CKSo0m5mivKcoH51,
2021-07-05T08:00:04Z,Destroy Erase Improve (Reloaded),Meshuggah,Meshuggah,2008-07-25,15,album,50lnwCflqEHA1u06PfkcC0,3ggwAqZD3lyT2sbovlmfQY,
2021-06-26T15:40:42Z,Crack the Skye,Mastodon,Mastodon,2009,7,album,2W2nqEKXWBorbq5yvm3jZg,1Dvfqq39HxvCJ3GvfeIFuT,
2021-06-26T15:40:37Z,The Hunter,Mastodon,Mastodon,2011-09-27,13,album,5Zjhls03el4wXkmtcZEi8b,1Dvfqq39HxvCJ3GvfeIFuT,
2021-06-26T15:40:32Z,Once More 'Round the Sun,Mastodon,Mastodon,2014-06-17,11,album,7mEkBi9a2p2f1WQbnH8Qk5,1Dvfqq39HxvCJ3GvfeIFuT,
2021-06-26T15:40:02Z,Leviathan,Mastodon,Mastodon,2004-08-31,10,album,6khFoLWnJZDQvZ7Pijym3b,1Dvfqq39HxvCJ3GvfeIFuT,
2021-06-26T15:39:58Z,Remission,Mastodon,Mastodon,2002-05-28,11,album,1aQZecM7d2R3SvPs2HNNIA,1Dvfqq39HxvCJ3GvfeIFuT,
2021-06-26T15:38:55Z,Down On The Upside,Soundgarden,Soundgarden,1996-05-21,16,album,1IVa98im1RfxYp6qeOIg2B,5xUf6j4upBrXZPg6AI4MRK,
2021-06-26T15:38:47Z,Badmotorfinger (Super Deluxe Edition),Soundgarden,Soundgarden,2016-11-18,47,compilation,5o2p8FZAyEOSH7arjJLCJp,5xUf6j4upBrXZPg6AI4MRK,
2021-06-26T15:38:29Z,Superunknown (Deluxe Edition),Soundgarden,Soundgarden,1994-03-09,32,compilation,29sTacnS0qA9xri6YS8xLA,5xUf6j4upBrXZPg6AI4MRK,
2021-06-26T15:37:22Z,Rainier Fog,Alice In Chains,Alice In Chains,2018-08-24,10,album,4AAPRl8BKlsIVC5aeedlBv,64tNsm6TnZe2zpcMVMOoHL,
2021-06-26T15:37:17Z,The Devil Put Dinosaurs Here,Alice In Chains,Alice In Chains,2013-05-13,12,album,1NeunhIyCq0jkezLbOyKDM,64tNsm6TnZe2zpcMVMOoHL,
2021-06-26T15:37:14Z,Black Gives Way To Blue,Alice In Chains,Alice In Chains,2009-01-01,13,album,45kmKJ7Ola9H7nQlKQgeBC,64tNsm6TnZe2zpcMVMOoHL,
2021-06-26T15:37:02Z,Unplugged,Alice In Chains,Alice In Chains,1996-07-29,13,album,5PdgIAHzwDvTZRjIGSQGtN,64tNsm6TnZe2zpcMVMOoHL,
2021-06-26T15:36:58Z,Alice In Chains,Alice In Chains,Alice In Chains,1995-10-30,12,album,49R4Qye4UUwzjPPQhtCkRe,64tNsm6TnZe2zpcMVMOoHL,
2021-06-26T15:36:50Z,Jar Of Flies,Alice In Chains,Alice In Chains,1994,7,album,4FCoFSNIFhK36holxHWCnc,64tNsm6TnZe2zpcMVMOoHL,
2021-06-26T15:36:47Z,Dirt (2022 Remaster),Alice In Chains,Alice In Chains,1992-09-29,13,album,58NXIEYqmq5dQHg9nV9duM,64tNsm6TnZe2zpcMVMOoHL,
2021-06-26T15:36:39Z,Facelift,Alice In Chains,Alice In Chains,1990-08-01,12,album,5LbHbwejgZXRZAgzVAjkhj,64tNsm6TnZe2zpcMVMOoHL,
2021-06-26T15:31:50Z,The Essential Jaco Pastorius,Jaco Pastorius,Jaco Pastorius,2007,27,compilation,2lZVQFCmjM2vhWtsnE6t6J,3U3C9o6UTYNdEsDckpRyvX,
2021-06-26T15:31:38Z,Jaco Pastorius,Jaco Pastorius,Jaco Pastorius,1976,11,album,47nWcb5GzhgGNzJuCJgiPN,3U3C9o6UTYNdEsDckpRyvX,
2021-05-29T16:36:10Z,All Melody,Nils Frahm,Nils Frahm,2018-01-26,12,album,7FUIQIDxNu0F8iH98irz7N,5gqhueRUZEa7VDnQt4HODp,
2021-05-29T16:36:03Z,Empty,Nils Frahm,Nils Frahm,2020-03-28,8,album,5XD78Fc6jfSfFYgwynseoI,5gqhueRUZEa7VDnQt4HODp,
2021-05-29T16:35:59Z,All Encores,Nils Frahm,Nils Frahm,2019-10-18,12,album,5fHIn0grAPQdsjXe7KtSFj,5gqhueRUZEa7VDnQt4HODp,
2021-05-29T16:35:46Z,Screws,Nils Frahm,Nils Frahm,2012-12-03,9,album,2jp10nhpPcZkuUaFougyN3,5gqhueRUZEa7VDnQt4HODp,
2021-05-29T16:35:38Z,Spaces,Nils Frahm,Nils Frahm,2013-11-18,11,album,0DFbQjp468sMiIMTrZdr5w,5gqhueRUZEa7VDnQt4HODp,
2021-05-03T10:58:41Z,Terra Incognita,Gojira,Gojira,2000,17,album,1ep4xp0RkXa3GWifgzeWJD,0GDGKpJFhVpcjIGF8N6Ewt,
2021-05-03T10:58:32Z,From Mars to Sirius,Gojira,Gojira,2005,12,album,649Pw0BSJIufilSgkogX9A,0GDGKpJFhVpcjIGF8N6Ewt,
2021-05-03T10:58:29Z,Les Enfants Sauvages,Gojira,Gojira,2012-06-26,13,album,5aGo0ZXmsCooA4b3J0n0iQ,0GDGKpJFhVpcjIGF8N6Ewt,
2021-05-03T10:58:25Z,The Way of all Flesh,Gojira,Gojira,2008,12,album,0OAWwL9eFzu2FHdI1EsDYQ,0GDGKpJFhVpcjIGF8N6Ewt,
2021-05-03T10:58:13Z,L'Enfant Sauvage (Special Edition),Gojira,Gojira,2012-06-26,13,album,5dxqD5Kc6cRRi3rErmDfXG,0GDGKpJFhVpcjIGF8N6Ewt,
2021-05-03T10:58:08Z,Magma,Gojira,Gojira,2016-06-17,10,album,7D7V6M05UIOTjLdqbwRX0w,0GDGKpJFhVpcjIGF8N6Ewt,
2021-05-03T10:57:04Z,Fortitude,Gojira,Gojira,2021-04-30,11,album,3bmdzJRZ4DLRTiA6yBBQcI,0GDGKpJFhVpcjIGF8N6Ewt,
2020-07-08T20:23:21Z,Cults,Cults,Cults,2011-06-07,11,album,2jb0zRewft3L2AwCOMx3du,3Oim8XBPbznAa8Jj8QzNc8,
2019-10-29T01:43:22Z,rearviewmirror (greatest hits 1991-2003),Pearl Jam,Pearl Jam,2004-11-16,33,compilation,1G1R5dY01DSyti3NaWnOp3,1w5Kfo2jwwIPruYS2UWh56,
2019-09-06T13:24:21Z,The Last Leaf,Monolord,Monolord,2019-08-20,1,single,718oeYkAju7AMz5WQMl02l,3X0a18Q9nluwuFYv5hB5cm,
2019-09-06T13:24:06Z,Memoryhouse,Max Richter,Max Richter,2002,18,album,5CuuPArp8w5ckkJpcEcCyO,2VZNmg4vCnew4Pavo8zDdW,
2019-09-06T13:23:55Z,24 Postcards In Full Colour,Max Richter,Max Richter,2014-01-01,27,album,3YNEiMT8bzX1Qjid0jWX7e,2VZNmg4vCnew4Pavo8zDdW,
2019-09-06T13:23:14Z,Infra,Max Richter,Max Richter,2014-01-01,14,album,7zwjum4hz8odYpeZrSZyz2,2VZNmg4vCnew4Pavo8zDdW,
2019-09-03T17:00:51Z,Three Worlds: Music From Woolf Works,Max Richter,Max Richter,2017-01-27,16,album,4fo551Vy3KXbbRxRlVTD9D,2VZNmg4vCnew4Pavo8zDdW,
2019-08-27T13:23:18Z,Lullaby Renditions of Tool,Rockabye Baby!,Rockabye Baby!,2006-09-19,11,album,7zp3rUAqmTmbbpodPXmwKe,5bHjVR4F2Tfq4Ha6x7K6wU,
2019-08-20T21:03:12Z,Dvorák: Cello Concerto / Tchaikovsky: Variations on a Rococo Theme,Mstislav Rostropovich,Mstislav Rostropovich; Antonín Dvořák; Berliner Philharmoniker; Pyotr Ilyich Tchaikovsky; Herbert von Karajan,1995-01-01,12,album,2EERtu4u3V9tBz31Zj8xOt,50hiYMhi0g77BOkkQ4zebB,
2019-08-20T05:23:56Z,Chopin: Nocturnes - Complete,Frédéric Chopin,Frédéric Chopin; Ivan Moravec,2005-11-01,19,album,1qvsC1bJKQPc9n9A9B3bh1,7y97mc3bZRFXzT2szRM4L4,
2019-07-09T23:26:32Z,Ride The Lightning (Deluxe Remaster),Metallica,Metallica,1984-07-27,63,album,2omIeSJEGQeKHPOpiXgfkr,2ye2Wgw4gimLv2eAKyk1NB,
2019-06-12T02:23:50Z,Tarot,Æther Realm,Æther Realm,2017-06-07,11,album,5D7pDFHMfyzgdVga2j2gV8,0zDqgJmDuaocA7TMvJX1d1,
2019-03-17T19:47:55Z,South Of Reality,The Claypool Lennon Delirium,The Claypool Lennon Delirium,2019-02-22,9,album,7ErIX3vunFAfsNJ8nAKkVo,2yUsje7CszKGu4g1f4ih3b,
2019-02-11T03:53:06Z,Awakening,Nick Walters,Nick Walters; The Paradox Ensemble,2019-02-01,4,album,65hJ2PuePj8eTRkpxtJo7g,5a6sros3Ji7xS9QKav9il2,
2016-03-29T15:18:50Z,"Recomposed By Max Richter: Vivaldi, The Four Seasons",Max Richter,Max Richter; Daniel Hope; Konzerthaus Kammerorchester Berlin; Andre de Ridder,2014-01-01,18,compilation,0JBT8Sw5eGWC86DCrobOfY,2VZNmg4vCnew4Pavo8zDdW,
