played_at,track_name,artist,album,duration_ms,track_id
2026-04-11T01:12:52.482Z,Yor Zarad,Angine de Poitrine,Vol.II,389529,0THaoqWjE4cyOMZALznzq9
2026-04-09T21:44:32.232Z,Yor Zarad,Angine de Poitrine,Vol.II,389529,0THaoqWjE4cyOMZALznzq9
2026-04-09T18:16:28.612Z,Utzp,Angine de Poitrine,Vol.II,410711,19MAOZLmfFnZZVMdGraCEQ
2026-04-09T18:13:13.141Z,Sarniezz,Angine de Poitrine,Vol.II,275599,6iDKiCR13L8Ba6bkK6cqqt
2026-04-09T18:05:02.394Z,Mata Zyklek,Angine de Poitrine,Vol.II,369863,0gOaJ646z6OJv4lLDpjfDt
2026-04-09T17:58:52.322Z,Fabienk,Angine de Poitrine,Vol.II,391268,1KVkzkmFBx4A8bCma6ruKA
2026-04-09T04:59:29.373Z,Angor,Angine de Poitrine,Vol.II,376754,3l75cLGKRMPUQyCMI0DZWC
2026-04-09T04:53:12.272Z,Yor Zarad,Angine de Poitrine,Vol.II,389529,0THaoqWjE4cyOMZALznzq9
2026-04-09T04:46:42.838Z,Utzp,Angine de Poitrine,Vol.II,410711,19MAOZLmfFnZZVMdGraCEQ
2026-04-09T04:39:52.115Z,Sarniezz,Angine de Poitrine,Vol.II,275599,6iDKiCR13L8Ba6bkK6cqqt
2026-04-09T04:35:16.376Z,Mata Zyklek,Angine de Poitrine,Vol.II,369863,0gOaJ646z6OJv4lLDpjfDt
2026-04-09T04:29:06.148Z,Fabienk,Angine de Poitrine,Vol.II,391268,1KVkzkmFBx4A8bCma6ruKA
2026-04-09T04:22:02.623Z,California,The Olympians,In Search of a Revival,251093,5pZJpuPxjhfUc7wlAZr4At
2026-04-09T04:17:21.616Z,Moonlighting,Maromaro,Full Moon,241383,0du7mdWntlT18xxF2fqHg8
2026-04-09T04:13:19.325Z,Magic Mountain,Hollow Ship,Future Remains,212666,1gExMyY0hcnLisq9OJRabP
2026-04-09T04:09:45.927Z,One Inch Punch,Yin Yin,The Rabbit That Hunts Tigers,308301,6BdpQ5lDOUNbaER31ajumE
2026-04-09T04:04:37.029Z,Yerevan Sunrise,Tigran Hamasyan,Manifeste,295210,6RTWpwmMSdvt5g1M02L6pg
2026-04-09T03:59:41.385Z,Angor,Angine de Poitrine,Vol.II,376754,3l75cLGKRMPUQyCMI0DZWC
2026-04-09T03:53:24.164Z,Yor Zarad,Angine de Poitrine,Vol.II,389529,0THaoqWjE4cyOMZALznzq9
2026-04-09T03:46:54.376Z,Utzp,Angine de Poitrine,Vol.II,410711,19MAOZLmfFnZZVMdGraCEQ
2026-04-09T03:40:03.725Z,Sarniezz,Angine de Poitrine,Vol.II,275599,6iDKiCR13L8Ba6bkK6cqqt
2026-04-09T03:35:28.209Z,Mata Zyklek,Angine de Poitrine,Vol.II,369863,0gOaJ646z6OJv4lLDpjfDt
2026-04-09T03:29:18.182Z,Fabienk,Angine de Poitrine,Vol.II,391268,1KVkzkmFBx4A8bCma6ruKA
2026-04-09T03:21:48.372Z,Angor,Angine de Poitrine,Vol.II,376754,3l75cLGKRMPUQyCMI0DZWC
2026-04-09T03:15:30.700Z,Yor Zarad,Angine de Poitrine,Vol.II,389529,0THaoqWjE4cyOMZALznzq9
2026-04-09T03:09:02.048Z,Utzp,Angine de Poitrine,Vol.II,410711,19MAOZLmfFnZZVMdGraCEQ
2026-04-09T03:02:11.346Z,Sarniezz,Angine de Poitrine,Vol.II,275599,6iDKiCR13L8Ba6bkK6cqqt
2026-04-09T02:57:34.347Z,Mata Zyklek,Angine de Poitrine,Vol.II,369863,0gOaJ646z6OJv4lLDpjfDt
2026-04-09T02:51:24.253Z,Fabienk,Angine de Poitrine,Vol.II,391268,1KVkzkmFBx4A8bCma6ruKA
2026-04-09T01:57:39.742Z,Sahardnieh,Angine de Poitrine,Vol.1,253453,0K06JwjnQVFwCFwpKGZnPt
2026-04-09T01:53:26.400Z,Ababa Hotel,Angine de Poitrine,Vol.1,385827,41yfGYaNFaCa9fsN0pqUWd
2026-04-09T01:47:00.619Z,Tamebsz,Angine de Poitrine,Vol.1,476654,04Ue04iTcYkmOBuJydnveM
2026-04-09T01:39:03.822Z,Tohogd,Angine de Poitrine,Vol.1,244973,664mxd7tkS4Nc1ktjuY6C2
2026-04-09T01:34:58.873Z,Sherpa,Angine de Poitrine,Vol.1,343190,55mW03rqsI9s3xUnuruF7G
2026-04-09T01:27:46.238Z,War Time Poem,Tigran Hamasyan,Manifeste,227178,1YypZlIUcwdkUoX8b5Jx4T
2026-04-09T01:20:40.654Z,Converge,Nine Inch Nails,TRON Ares: Divergence,97733,1zO3nRo0maJRdA8pis6fJY
2026-04-09T01:19:01.825Z,Sherpa,Angine de Poitrine,Vol.1,343190,55mW03rqsI9s3xUnuruF7G
2026-04-09T01:13:18.067Z,Angor,Angine de Poitrine,Vol.II,376754,3l75cLGKRMPUQyCMI0DZWC
2026-04-09T01:07:01.175Z,Yor Zarad,Angine de Poitrine,Vol.II,389529,0THaoqWjE4cyOMZALznzq9
2026-04-09T01:00:31.904Z,Utzp,Angine de Poitrine,Vol.II,410711,19MAOZLmfFnZZVMdGraCEQ
2026-04-09T00:53:40.982Z,Sarniezz,Angine de Poitrine,Vol.II,275599,6iDKiCR13L8Ba6bkK6cqqt
2026-04-09T00:49:05.266Z,Mata Zyklek,Angine de Poitrine,Vol.II,369863,0gOaJ646z6OJv4lLDpjfDt
2026-04-09T00:42:55.300Z,Fabienk,Angine de Poitrine,Vol.II,391268,1KVkzkmFBx4A8bCma6ruKA
2026-04-08T23:07:15.031Z,Memories of Dreams,Resavoir,Themes for Dreams,185114,7g6MGNFPkpJf4mw5b8pKJe
2026-04-08T23:04:09.218Z,Vista,Okonski,Entrance Music,220494,7ceLb4TBk4IOPirddCJ1k6
2026-04-08T23:00:28.161Z,Spring Theme,Fabiano do Nascimento,Vila,258938,27jm32FyYzyi0Hf39AMm7D
2026-04-08T22:56:08.853Z,Forgotten Friend,Mammal Hands,Circadia,244040,4ez6WMIOw2O7rZ2lJw1Dd6
2026-04-08T22:52:04.435Z,Like Something,Alfa Mist,Like Something,205269,6fG5GMkeQTGGRmfgUO3LGz
2026-04-08T22:48:38.477Z,Kai Dao,GoGo Penguin,Kai Dao,136375,7kIKrwoO5oJaiIV060yQUL
2026-04-08T22:46:21.416Z,I Know You Can Feel It - Mark Pritchard Remix,Nine Inch Nails,TRON Ares: Divergence,332900,2eXP1B8xzpUI3ahvjl0Wkh
