spotify_id,artist,track_name,duration,date_added
0THaoqWjE4cyOMZALznzq9,Angine de Poitrine,Yor Zarad,6:30,2026-04-07
0gOaJ646z6OJv4lLDpjfDt,Angine de Poitrine,Mata Zyklek,6:10,2026-04-07
1KVkzkmFBx4A8bCma6ruKA,Angine de Poitrine,Fabienk,6:31,2026-04-07
1K9sehA1QUYO5RfbGIRTCP,Tigran Hamasyan,Prelude For All Seekers,4:30,2026-04-08
1YypZlIUcwdkUoX8b5Jx4T,Tigran Hamasyan,War Time Poem,3:47,2026-04-08
4lXjz5k4Rij3LTj6O0mgOO,Flea,Thinkin Bout You,4:10,2026-04-08
5I4qUAmzixA1Nnw4K6OYlO,Flea,Free As I Want to Be,5:14,2026-04-08
4Me1bg4wAsxhi1YWxSa8oC,sunn O))),Does Anyone Hear Like Venom?,7:33,2026-04-08
0kTITl59lp4vgZONiQbscP,HENGE,Welcome To Voltus,5:35,2026-04-08
3poJZBl2yoeWbMMxX63YcE,Flea,Maggot Brain,4:52,2026-04-07
6bb0E3IsSmKMF0b5Tv9ssW,Flea,Willow Weep for Me,3:53,2026-04-07
6bTyduM97Iq8GcbmsatKiJ,Artifacts,The Inteview,3:40,2026-04-04
1BJtj3I9YWRd3Oq9kBVyFj,The Nonce,Keep It On,4:14,2026-04-04
5ksRub3vtilRmY3CQvucqC,Jigmastas,Beyond Real - Remix,3:50,2026-04-04
0cseWWMHpjB9Y9Wg02LLr9,Kurious,I'm Kurious,3:55,2026-04-04
3c9dRPb6IlTe3oX95h9vYR,The Beatnuts,Let Off A Couple,1:43,2026-04-04
60KWmDnLE9jB9dHVkhlu3P,Cru,Just Another Case,3:36,2026-04-04
3jlUMYwPBzVUBqfhcScVDX,Lords Of The Underground,What I'm After,4:20,2026-04-04
2YKkQHCU8K2m8IB368k2xJ,Artifacts,Whayback,4:48,2026-04-04
7cz70nyRXlCJOE85whEkgU,Harvey Danger,Flagpole Sitta,3:37,2026-04-02
1ACsYcDFncj9N6hc2l2vE0,Russian Circles,Geneva - Live,5:51,2026-03-11
4jiwz2tQZo21Z4NQwz4zUt,Artemas,southbound,2:18,2026-03-07
13Ym4BnHYalKDX53zwo0b6,Aunt Cynthia's Cabin,"Which One Is the Jellyfish?",4:24,2026-03-05
1gExMyY0hcnLisq9OJRabP,Hollow Ship,Magic Mountain,3:33,2026-03-05
55mW03rqsI9s3xUnuruF7G,Angine de Poitrine,Sherpa,5:43,2026-03-05
04Ue04iTcYkmOBuJydnveM,Angine de Poitrine,Tamebsz,7:57,2026-03-04
3tStOcFiywPGhxVu8zPrn2,HummusVacuum,G-U-I-L-L-O-T-I-N-E,2:53,2026-02-26
0whF2nmheoecP6k1GxH5Ah,Gottlieb,Scarcity,3:17,2026-02-26
0e8C9dPERvvARURkNOFrrC,Moby,Go,3:37,2026-02-24
0sVThvDiHEN2FXReG7wpBu,Moby,Rushing,3:00,2026-02-24
5I89rHeQpxFGVseikEgY12,The Dead Milkmen,Bitchin' Camaro,3:01,2026-02-22
3PvhJcV5xv7E1ImIfbRYeM,Kill The Noise; Feed Me,I Do Coke,3:47,2026-02-22
0lqJDuFQEPTbxVJyREf4DH,The Roots,Doin' It Again,2:24,2026-02-22
6Tl1OGHOJtGDwL0zGMYmgc,TesseracT,Of Matter - P O R T A L S,14:54,2026-02-22
2shFsQSw0h1abkoK6zFF5w,Shadow Cliq; Sarah de Warren,Aerials,3:35,2026-02-22
5YTM7OgQDt9EJAYcfHLniJ,A Tribe Called Quest; Trugoy The Dove,Award Tour,3:46,2026-02-21
6FI3RJ58Ztl0X1VtA6pVs9,A Tribe Called Quest; Busta Rhymes,Oh My God,3:29,2026-02-21
0hEWvzkgbI301JZj947gFz,攬佬SKAI ISYOURGOD; AR刘夫阳,大展鴻圖(Blueprint Supreme),3:33,2026-02-18
4ULdCiw97rTaQ7yLfggLq5,Joe Bataan,Ordinary Guy,4:49,2026-02-14
6Sq7ltF9Qa7SNFBsV5Cogx,Bad Bunny; Chencho Corleone,Me Porto Bonito,2:59,2026-02-13
3sK8wGT43QFpWrvNQsrQya,Bad Bunny,DtMF,3:57,2026-02-13
1IHWl5LamUGEuP4ozKQSXZ,Bad Bunny,"Tití Me Preguntó",4:04,2026-02-13
1caT2YklnqZq35IcQ0oRLj,Buena Vista Social Club,Candela,5:29,2026-02-10
3G7agPwWfcORnWCAGMDOpm,Bad Bunny,LA MuDANZA,3:33,2026-02-10
64qLjBGH5Ld0ICOOZQAW1n,Pássaro,Assum Preto,4:04,2026-01-31
6IOTukhTcumU9dtAk1OLLF,Fred again..; Baby Keem,leavemealone,3:43,2026-01-30
5Z8Dj3LtbyCMiwE86rhg2f,Fred again..; The Blessed Madonna,Marea (we've lost dancing),4:45,2026-01-30
7btM3tsClpCfKhOXjRqrXe,Creach,Make It To Monday,2:51,2026-01-30
1lbNgoJ5iMrMluCyhI4OQP,Fred again..; Skepta; PlaqueBoyMax,Victory Lap,2:46,2026-01-30
4d4oXk7O2lEhZ83ivV93li,The Cure,Lullaby,4:10,2026-01-29
7w5AOd6HrDIHewHfpABEss,Chris Isaak,Wicked Game,4:49,2026-01-29
40L8L7344pPMCjlZc19RQU,Rage Against The Machine,Down Rodeo,5:21,2026-01-25
35o92ikbXQApq9xBjLgbnV,Pure Colors; Soul Food Horns,"Ascensión",3:23,2026-01-12
6GwSTzPQnwMiWMkwTyN0tK,Sessa,Flor do Real,3:35,2026-01-11
0ePmVXS0s51XzlJ0tlz1pF,Mia Doi Todd,Paraty,3:57,2026-01-11
36EbK9TFhkL6e3W4tUORw8,Dudu Moraes,"Eloiá",3:22,2026-01-11
4McQzaMrgt8AylDZHGQGVT,Mário Rui Silva,Lonjura,3:24,2026-01-11
2aQ8NyRJcsQFgb8jwUil90,Evinha,Que Bandeira,2:29,2026-01-11
6Hn9ZU7hZKAh1HsYMA26o8,Jorge Ben Jor,Xica Da Silva,4:03,2026-01-11
5bGMMNxjvlledmzq9dItvf,Rogê,Existe Uma Voz,3:46,2026-01-11
0FUfELSRqA1sjSAC7kLxfV,The Still Brothers; Marina B,Wake Up,2:01,2026-01-11
4ApvuCjlZNe3RoIFoBX29y,Edu Lobo,Zum-Zum,2:51,2026-01-11
3wSlHCwo05i7KgIhiCioFJ,The Circling Sun,Amina,4:04,2026-01-11
4f4zISn85uS9AZsvW5VZlH,Sessa,"Canção da Cura",2:36,2026-01-11
4gol2seczgmtlySCsdSsxa,Sessa,Ponta de Faca,2:54,2026-01-10
5g3mcO2QY4smxW4KW3NcT2,Nina Maia,CARICATURA,3:23,2026-01-10
77670vf8Kf4j1jtxRNTSJk,Mord Fustang,PURRITO,3:33,2026-01-05
56R9s9y7mWoHWxgFnRPX1i,Haywyre; Zeros,Permutate,4:05,2026-01-05
361AnXfEJHmjvDpTlJ7VpB,Blue Lab Beats,North London Pace,3:24,2025-12-31
3XckH9nZTF2Y2gp6UoMotk,Snarky Puppy; Metropole Orkest; Jules Buckley,"It Stays With You",10:53,2025-12-31
3oGWXOsz8OUmdoL57OlWIL,Terrace Martin; Ogi,Not Sharing,4:13,2025-12-30
5Z4YeqJLy2Ik0NYr0xlfh7,Brandee Younger,Gadabout Season,4:46,2025-12-30
0VcvKN17fqyvbznfwypjDB,Kokoroko,Da Du Dah,3:48,2025-12-30
3CA8Bx0aE8tuNYTy9OvVfW,Christopher Lee,The Little Drummer Boy,4:31,2025-12-24
7qt641kuazHzMIn4lbkns5,Peter Sandberg,Deep,4:30,2025-12-16
3U8DW25FSajJzQXgApAJ0B,Clark,Lambent Rag,3:24,2025-12-10
5aJph9adNgkyW6vFn66ils,Hot Sugar,The Girl Who Stole My Tamagotchi,3:38,2025-12-09
5fxJzPPvuvdhHypgme9cVX,Dizzy Gillespie,A Night In Tunisia,5:34,2025-12-09
54VBfy8Jmi9lIsbsdv5x4E,Jesus Molina; Sam Smith; Roni Kaspi,Night in Tunisia,3:36,2025-12-09
6VXWIXInuOLdrQBn0GTrLo,Chick Corea,Captain Marvel,4:58,2025-12-09
5RrJCusmR1J54b5ivqdWIu,Chick Corea; Return To Forever,Spain,9:51,2025-12-09
3TszbgtEGdsJE6vRnyFebO,System Of A Down,Sugar,2:34,2025-12-08
5Xak5fmy089t0FYmh3VJiY,Pearl Jam,Black,5:43,2025-12-08
26qvxre8pKtLTatKPYAR8Q,The Comet Is Coming,Super Zodiac,4:02,2025-12-08
5wqlRFdpJ1a4kMIBSWeCnN,The Prodigy; Pendulum,Voodoo People - Pendulum Mix,5:08,2025-12-05
186zi6pmNhtYzHBWUX5Opa,Kamasi Washington,Fists of Fury,9:43,2025-12-04
273VxALm722DRN4PNujOF8,Kamasi Washington,Clair de Lune,11:08,2025-12-04
7fkWpK1YcIMtM7PdMawgfY,Flea,A Plea,7:38,2025-12-04
6TQuiL5lY6mULveuvY1s7h,LCD Soundsystem,"new york i love you but you're bringing me down - live at madison square garden",9:55,2025-12-04
5hSTBY6xBkx60qPVseOKFX,LCD Soundsystem,tonite - Recorded at Electric Lady Studios NYC,5:45,2025-12-03
0cahtHEywK64NSWqm2SDTi,Metric,Help I'm Alive,4:46,2025-11-28
6GtX0jaNL8IjVQfrDBx81z,The Smashing Pumpkins,Bullet With Butterfly Wings,4:18,2025-11-28
1NiAMp0CzUdG6e97VYRB1a,Neutral Milk Hotel,"In the Aeroplane Over the Sea",3:22,2025-11-28
1JbUMtVkQuaAPdHOvncVTm,Elliott Smith,Between the Bars,2:21,2025-11-28
2a1iMaoWQ5MnvLFBDv4qkf,Radiohead,High and Dry,4:17,2025-11-28
6vTtCOimcPs5H1Jr9d0Aep,Portishead,Sour Times,4:12,2025-11-28
1LzNfuep1bnAUR9skqdHCK,Mazzy Star,Fade Into You,4:56,2025-11-28
5yc59J3MR3tVDPTOgwgRI5,Death Cab for Cutie,Soul Meets Body,3:49,2025-11-28
5kHkaBN8OEQlmXfQkACxSt,A Perfect Circle,3 Libras,3:40,2025-11-28
2lwwrWVKdf3LR9lbbhnr6R,Modest Mouse,Float On,3:28,2025-11-28
5kguToT39QaxxYEuPwFkp6,The Smashing Pumpkins,"Tonight Tonight",4:16,2025-11-28
1st2ldrAppYwbJmbXucFhD,The Comet Is Coming; Kae Tempest,Blood Of The Past,8:15,2025-11-25
1oAwsWBovWRIp7qLMGPIet,Cigarettes After Sex,Apocalypse,4:50,2025-11-24
3ix6K4wZY29bCujrSznwFZ,David Bowie,Let's Dance,7:38,2025-11-24
2TEQvxxQabwLQMqWMg1qGu,Taylor Swift,Wi$h Li$t,3:27,2025-11-24
5OPT7l9b5SMwfTQgLPoNl7,Erik Satie; Philippe Entremont,"Gymnopédie No. 1",3:26,2025-11-24
78kPi2sLwSmILgJXz7wQxg,Jon Hopkins,Small Memory,1:41,2025-11-24
0E8q2Fx2XuzXCO2NSAppkR,Duke Ellington; John Coltrane,In A Sentimental Mood,4:15,2025-11-24
1oht5GevPN9t1T3kG1m1GO,James Taylor,Fire and Rain,3:24,2025-11-24
5rAff9XfcWx7rguN3t0fkW,LCD Soundsystem,New York I Love You but You're Bringing Me Down,5:35,2025-11-24
6tifCCTIVBLC2TmTquYG7G,Skrillex; Boys Noize; Opus III,Fine Day Anthem,3:14,2025-11-24
7pEgoRnaGClhAZYI6pw0z2,Altan Urag,Mother Mongolia,3:26,2025-11-22
5Ax3yFjv9GZJSwoTnC0nGG,Project Mishram; Kmac2021,Kanakana,5:46,2025-11-04
62a4P1ZKVOzOjrtBnIMVh8,Pink Floyd,"Learning to Fly - Live",5:16,2025-10-23
4SI8ClxzA7QHSv47ZPAhH2,Mary Droppinz; Casey Club,Sofa Soup,2:50,2025-10-22
3z5hWZzvImk1r0AAfLQDj1,En:vy; Klinical,Gecko,3:46,2025-10-22
1XkvKjUQUvNgLXKFfk8tBZ,Gaspard Augé; Justice,Force majeure,3:26,2025-10-20
5ww9r75Y8JPRgAAc3qJPms,The Funkees,Akula Owu Onyeara,7:29,2025-10-18
6bB9BQEsEJQQJJ2rT5ZnkL,MPH,Funk Master,3:43,2025-10-12
36CzPt3fZMpTSpz0LYhT9E,Deathpact,Formality,3:03,2025-10-12
2ZtgdEKmSCMB5iXtIwJD6Q,Owl Vision,PILLZ,3:00,2025-10-12
2htd2AxzepztrCRQmpSNr2,Dotphic,Belomi Bena,2:29,2025-10-12
29ufIwomYfLbWBxPMdaUZm,LCD Soundsystem,North American Scum,5:29,2025-09-12
5Twubz3SaJmTykgAn8t7IS,Mandragora,Galactic Symphony,5:22,2025-09-10
0DsAxHjchu8vzMrumD3KsR,Pedestrian Tactics,Nerds Trying To Dance,2:58,2025-09-10
7MysdJNLp89Xl3zoSd5bC5,Wax Motif,WET,4:25,2025-09-02
5yOx2ezoz2hBfoE9mItGVo,Skrillex; Flowdan; BEAM; PEEKABOO,Hydrate,3:36,2025-08-31
5KWjZvEQlAbO24aYFOkzaD,Pool Kids,"That's Physics Baby",3:54,2025-08-24
53PkA8aXiwH4ppa0V0iO7o,LCD Soundsystem,oh baby,5:49,2025-08-07
1Y5EqnpZLLoAp4RQQTr10O,LCD Soundsystem,oh baby,5:50,2025-08-07
6kKXowSTq8uKZhdFPdG9BS,LCD Soundsystem,black screen,12:08,2025-08-07
4t8Wj2B859gQJ4pR8D8eAf,Max Cooper; Six Sigma,Parting Ways - Edit,4:38,2025-08-05
6vDM1b9YrFwQoas9RKnJba,Mr. Bill; Funi,Screening,3:33,2025-08-04
6hnyQ0YpiO35rutiLLHLmr,The Ides Of March,Vehicle,2:58,2025-07-23
7wEGeUzpPNnHKfOtSgYjG4,Isaac Hayes,Hung Up On My Baby,6:18,2025-07-23
6eDVnsVgEAjMdcczx4mpoq,Lafayette Afro Rock Band,Darkest Light,6:26,2025-07-23
72SPsHheqN6J3sI520jT9E,Amos Lee,Colors,2:40,2025-07-21
6LjQ5AXX1JFfZd7aOkQfUL,Alon Mor,Echoes Follow,7:34,2025-07-18
7JkXXU7HymDdxW4lPixViK,Charles Bradley; Menahan Street Band,Stay Away,3:12,2025-07-15
3BdoWtWx0tuYgJziTESrjP,Link Wray & The Wraymen,Rumble,2:28,2025-07-15
1wlaVrU7LfcavrsPFitykq,Link Wray; Link Wray & His Ray Men,Rumble,2:26,2025-07-15
5Hn7uZqDarw5VTNX1XluV3,The Centurians,Bullwinkle Pt. II,2:17,2025-07-15
5CKHhg31HcYYhwUeeGqvhq,Nina Simone,I Wish I Knew How It Would Feel to Be Free,3:09,2025-07-12
1pHFtKS55b0q9eHk8eM0Yw,postdrome,So Inviting,4:03,2025-07-11
0k8sY0HqcgFqWireLT4R3d,Filter,It's Gonna Kill Me,5:05,2025-07-11
2LRGlAf2hmATTi9K9zAiV3,Rone; John Stanier; Bryce Dessner,Lou,3:43,2025-07-02
6U9XV3WFi4Lo89SHxFpyNg,deadmau5,Nextra,6:00,2025-07-01
65B2edEzkUSfERlIYP0Vjm,Ital Tek,Bladed Terrain,4:09,2025-07-01
6HuMrMrfhhVADQ67VMx61l,Rone; John Stanier,Brest,3:25,2025-07-01
1Qg4Da7hw0JlpjLMWwVDU8,Kiasmos,Burnt,9:21,2025-06-30
4U6UzxVnMtc41eBIalCDjQ,Polynation,Animus - Shorter,4:11,2025-06-30
7cbsuVHDGO1QWG15TUOOtp,deadmau5,XYZ,9:36,2025-06-28
7syNqxCLAQZzQlkRyJIfDr,REZZMAU5; deadmau5; Rezz,Infraliminal,4:27,2025-06-28
67cCbzkbHTIN9GVIy5L1Vb,Maddix,Heute Nacht,3:24,2025-06-13
1upQiytDIEZfl9ItruoXuC,George Frideric Handel,Sarabande,3:27,2025-06-03
6xpDh0dXrkVp0Po1qrHUd8,blink-182,Adam's Song,4:10,2025-05-20
3lpDrxUkr0tIe1kmJvdK7d,Rush,YYZ,4:26,2025-05-20
6NUTRMbLqF6EK7YFYMiGgn,Mikio Masuda,Let's Get Together,6:04,2025-05-17
2eAtxc1L97UPkxDf4LFtrK,Ripe,Pretty Dirty (In the Fading Light),5:43,2025-05-13
5qaRaOepyRo8PYVwMFH5yT,Grandaddy,A.M. 180,3:21,2025-05-06
2073QOEC8rBtSyTsRyaWiP,LCD Soundsystem,I Can Change,5:52,2025-05-06
2Ud3deeqLAG988pfW0Kwcl,LCD Soundsystem,All My Friends,7:42,2025-05-06
6wrgyLCuzjoCOy9uklc7M6,Felix Rösch,Becoming Ocean,3:04,2025-04-30
0UEqov6I69uqwBG6J2wMwC,Céline Dion,To Love You More,4:39,2025-04-29
0YJ9FWWHn9EfnN0lHwbzvV,Radiohead,Jigsaw Falling Into Place,4:09,2025-04-29
3QhASXiPt7X0Yb5spuVpGO,Polynation,Muriatic,3:58,2025-04-28
30EVjmgpTs7DmVzshrYlMa,Ochre,Tugrul,3:49,2025-04-25
1O2j6xoEmETsbTk9r8yyQO,Max Cooper,Order from Chaos,7:41,2025-04-23
2kBBVGjHZGoHhwemzbccmO,A Great Big Pile of Leaves,Snack Attack,3:19,2025-04-15
6LkwIps8gLQKC4qX99NMrj,Minus the Bear,Absinthe Party At The Fly Honey Warehouse,5:24,2025-04-15
2s1sdSqGcKxpPr5lCl7jAV,Sia,Chandelier,3:36,2025-04-15
2tY1gxCKslfXLFpFofYmJQ,Beastie Boys,Brass Monkey,2:37,2025-04-15
39QBkWKnap8wRSW4WB9OK0,Snoop Dogg,Gin and Juice,3:32,2025-04-15
7y5KNFzUITQC3ObeFkf9cj,Neighborhood Libraries,[Time] Place,7:07,2025-03-27
6byqq2f5Ed1qNQEW3Ht0ma,Jesse Welles,Whistle Boeing,3:38,2025-03-27
0YoYJw5URPqnGdOSnpeNnT,Jesse Welles,United Health,1:42,2025-03-26
3nnP9YLtQEpaXkN87q6bns,Jesse Welles; Mt. Joy,Have You Ever Seen The Rain,2:47,2025-03-26
5Y6u1FBAsYsfUAzBX7ym7k,Russian Circles; Chelsea Wolfe,Memorial,3:45,2025-03-16
6S0sAqCxsmLsqcaeegJWh5,Russian Circles,Vorel,5:29,2025-03-16
4KrATQEoEbKAAY7j0kMDBl,Dom Dolla,San Frandisco,3:05,2025-03-09
4JFI1qEAIDLwFt8O7HyjSL,Bloodywood; BABYMETAL,Bekhauf,3:48,2025-02-07
2HrfRTWUkCLCbqeMpTxo66,deprezz; Xizt,Sonne-Slowed+Mastered,2:28,2025-01-14
1SHB1hp6267UK9bJQUxYvO,Molchat Doma,"Судно (Борис Рыжий)",2:21,2025-01-14
5QIm5UVUJhPrpXwfFXAgKI,Balmorhea,Nos,1:22,2025-01-07
0qZ03ABKZsGbGhvh1zbbil,Spiritbox,Sun Killer,3:47,2025-01-06
2NA0yisSiX8E7g2yjozNqH,Jinjer,Teacher Teacher!,5:52,2025-01-04
6IdyYbGg1jxiWhfwm2Ykjn,Spiritbox,Jaded,4:23,2025-01-02
5Ll8FKX2KnoaL5x7tP0D3V,Thornhill,Obsession,3:18,2025-01-02
2dhtUKxtHCMjOfe4DL1yJI,Alon Mor,Calculating Revolution,2:03,2024-12-17
20IFx1mqMdM6DrkQnOuiew,Yeasayer,2080,5:23,2024-12-10
4gmivt1Q8UbnQZMVHLH43v,Yeasayer,Ambling Alp,3:55,2024-12-10
5IN6s1ESshNEs5cCKMGcfc,Yeasayer,O.N.E.,5:24,2024-12-10
7diOv6wm3ngF7Vt6ubK0Sf,Linkin Park,Overflow,3:31,2024-12-09
0GrHWVTDsaWcD4nrCGr7VE,System Of A Down,Lost In Hollywood,5:21,2024-12-04
2tJBG2m6K5jUKxzyTZm9Z7,Hania Rani; Dobrawa Czocher,Malasana,5:22,2024-12-02
2FQviMkaoixlgWuGL4u1EO,Aphex Twin,I,1:17,2024-12-02
0SDh7AAKlUSzzzXfuB1aVw,Rival Consoles,Memory Arc,2:13,2024-12-02
6AI3ezQ4o3HUoP6Dhudph3,Kendrick Lamar,Not Like Us,4:34,2024-11-25
5Dz4UA0onaAEMopZ0LTau0,St. Lucia,Pie In The Sky,4:00,2024-11-25
4C4GC99d5OBAUtlCnsSGh7,Gary Clark Jr.,Maktub,4:13,2024-11-25
3nHuKdFJZm78CoeBnDcFKe,Teddy Swims,Bad Dreams,3:05,2024-11-25
0OA00aPt3BV10qeMIs3meW,Hanumankind; Kalmi,Big Dawgs,3:11,2024-11-25
1fLlRApgzxWweF1JTf8yM5,Linkin Park,Given Up,3:09,2024-11-24
5cTitgnXxwBuRUJMEnEgtk,The Chemical Brothers,The State We're In,6:27,2024-11-18
3FVy3aVs0TFzLv6FEiLqC2,Max Richter,Dream 1,2:33,2024-11-14
7D0Vzk7rZ6ncTFZj3AqT84,Django Reinhardt,Django's Tiger,2:38,2024-11-13
5axOkQnmQmwtjr4bv1Xt7i,Ozzy Osbourne,I Don't Wanna Stop,3:60,2024-11-12
0xNx1JxP6PCZ8KpW0cVsDJ,Lamb of God,Descending,3:35,2024-11-12
3sXl6kTbIhhPZ3mrho4woG,deadmau5,Sever,7:08,2024-11-11
7qsvQRnrKBTH948NgeyMfl,Melleefresh; deadmau5,Afterhours,6:08,2024-11-11
0mTwh4PUZ5j9URVCX8WXSA,Leopold Stokowski; Philadelphia Orchestra,The Sorcerer's Apprentice,9:19,2024-11-08
6xXlurslWqFuyqTCBlErzX,Godsmack,Awake,5:04,2024-11-07
0o73cSWmV0YJeHvzDbJDdn,MF DOOM,Coffin Nails,2:57,2024-11-05
6UDFkqHY5gLREnSh9jd5th,Christopher Tin; Soweto Gospel Choir,Baba Yetu,3:30,2024-10-24
4Uiw0Sl9yskBaC6P4DcdVD,Deftones,Be Quiet and Drive (Far Away),4:60,2024-10-17
1C7CYlQHn97Q0D8nR8v7sy,65daysofstatic,Tiger Girl,10:37,2024-10-17
3y2KtKfFtZtWkPmvQ6tvek,Moondog,Lament I Bird's Lament,1:47,2024-10-17
3CT4U4jJEagjIHg5PPph8X,Khruangbin,"María También",3:11,2024-10-17
1XCqGflyHjZAE1BnRqWUc9,Booker T. & the M.G.'s,Let's Go Get Stoned,2:55,2024-10-17
0nNwfRyw0eY323NMkBM0y8,Rodrigo y Gabriela,"Tamacún",3:26,2024-10-17
6e3pNF98ePTt7hRJscbqwr,The Birdland Big Band,Your Smile,9:10,2024-10-17
6wUU6ff7O1jlE4NOrv01gI,Ólafur Arnalds,re:member,6:05,2024-10-17
3XSCsuqhAqaVoYkYHHFrNC,Destroy Boys; Mannequin Pussy; Scowl,You Hear Yes,2:44,2024-09-28
4jwZZX8J8eN3w0FOK4FCI3,Johnny Mathis,It's Beginning to Look Like Christmas,2:15,2024-09-22
4uxsv9PjV3Yeyn51RdWvGJ,Johnny Mathis,Misty,3:37,2024-09-22
2exVVVKvdymCwOFdvmA2bq,Spiritbox,The Void,3:41,2024-09-12
4AFjPeecGnS3999PV5iOSK,Gojira; Marina Viotti; Victor Le Masne,Mea Culpa,2:53,2024-09-06
1pPDrLPj7qLlRHD4GRW0cZ,Herzeloyde,Stories,3:17,2024-08-13
11iIikXxC6NP0Ma8vMD27x,Vundabar,Alien Blues,2:36,2024-08-11
6iC7vapdKp0XlKhxOkp8QJ,Tiësto; Sevenn; Gucci Mane,BOOM,2:60,2024-08-06
6WeMckuqw38OVkVYxFOW2m,Arkana,Nihilum,5:04,2024-08-02
07RPEOwBOCHQcyEbV0uYxL,fusq,Suiito,2:24,2024-08-02
12wOSEu7t5Pp0GLBTeglBK,deadmau5; Chris Lake; Michael Woods,I Said - Michael Woods Remix,7:05,2024-07-31
0c9MTfnssGoNXUgmsaE5XU,Jon Hopkins,Open Eye Signal,7:49,2024-07-25
69TZeRi1BYt4J712MvrIHC,Jon Hopkins,Immunity,9:57,2024-07-24
1f3KBLyi2YlRVNOt9X7jJA,Billy Hart,Amethyst,12:17,2024-07-19
1kPBT8S2wJFNAyBMnGVZgL,Etta James,I'd Rather Go Blind,2:37,2024-07-19
1Ov37jtRQ2YNAe8HzfczkL,Taylor Swift,Wildest Dreams (Taylor's Version),3:40,2024-07-19
4vtJnyP8ukIKcYZ7MhfBHJ,Spiritbox,Rule Of Nines,3:31,2024-07-18
6ZtWV5Xnnj8Mowoc02JWB5,Marc Rebillet,Vibes Alright,2:58,2024-07-15
1a3ght71qSYa6wBFmmmTE2,Architects,An Ordinary Extinction,4:08,2024-06-26
6XcoiOYiNbIxzpt8WRxq8Z,Rammstein,Du hast,3:56,2024-06-20
5SMWUtZSr58zY0l5P0HSQJ,REZN,Scarab,4:06,2024-06-19
2eqjpko1AQuTdxkBFhAcRG,Kublai Khan TX,Self-Destruct,2:19,2024-06-18
4vBO3iPTa7yH88pqdMyOhw,Ted Leo and the Pharmacists,Me and Mia,3:31,2024-06-18
0yc6Gst2xkRu0eMLeRMGCX,Cigarettes After Sex,Apocalypse,4:51,2024-06-16
4kxXP9JhYq1AVbuPRgKxMj,Craig Armstrong; Lana Del Rey,Hotel Sayre,3:22,2024-06-16
0zo4aX57COch7Wh3NRImTM,Childish Gambino,Heartbeat,4:30,2024-06-16
0phzfJn8NeT1LkbqfV2peI,The Marías,Lejos de Ti,2:60,2024-06-16
5Qv2Nby1xTr9pQyjkrc94J,Radiohead,All I Need,3:49,2024-06-16
42gzADgUU7e2yu5Qn8WfeC,Deftones,"Please Please Please Let Me Get What I Want",2:04,2024-06-16
79rfskJwK9NLN3p5cdccth,Matt Maltese,Intolewd,1:20,2024-06-16
7cs7MLtAWvsdf3w5kBvfK2,Cigarettes After Sex,Nothing's Gonna Hurt You Baby,4:46,2024-06-16
1Qrg8KqiBpW07V7PNxwwwL,SZA,Kill Bill,2:34,2024-06-16
0WFryfbNKPXVtVQlz5dZ8H,Billie Eilish,hotline (edit),1:01,2024-06-16
0uMZbmAAgOhdMrv25iPEH6,Sidewalks and Skeletons,Goth,3:27,2024-06-16
0TZejo18HlJ86OrWNsXKnw,Strawberry Guy,Mrs Magic,3:29,2024-06-16
0O0bttAxJKKWqAqY2Nq4mC,Cigarettes After Sex,Falling In Love,4:06,2024-06-16
4hm33jVolpa22nzhlY72jD,Strawberry Guy,Intermission,1:50,2024-06-16
7vPHiwgCOAjSBRjAirbMvS,Cocteau Twins; Harold Budd,Sea Swallow Me,3:09,2024-06-16
3jVniYVNCrwQvvWJpReosr,SYML,Fear of the Water,4:06,2024-06-16
21qg0IBZf8R12qHd9A3AA4,Lana Del Rey,Salvatore,4:41,2024-06-03
04daeztQJg7lyDDAHJ70rT,Ralph Vaughan Williams,Fantasia on a Theme by Thomas Tallis,15:13,2024-05-13
2jJrIibf0GquFSv39pExNf,Edward Elgar,Enigma Variations,1:27,2024-05-10
0yxzfsmzMOCRhbHBpFjXzL,King Gizzard & The Lizard Wizard,Gamma Knife,4:21,2024-05-06
59FwEQpuagQZQVP71h9OIq,Nine Inch Nails,March Of The Pigs,2:59,2024-05-06
1CM1wOqD2AIjt2MWd31LV2,Peter Gabriel,Solsbury Hill,4:21,2024-05-06
03sEzk1VyrUZSgyhoQR0LZ,TOOL,Pneuma,11:53,2024-05-06
1EuFHPoVGfyfEZBaYExK7v,Moondog,Bird's Lament,2:04,2024-05-05
7iZ3N3mKXPiQxT4eyTi1Xd,Gojira,The art of dying,9:54,2024-05-04
2QVmiA93GVhWNTWQctyY1K,M83,Outro,4:07,2024-05-03
5OgSdwxbwv8SumrXcCxwgD,Justice Der,Wish,3:26,2024-05-01
4LCzEYKPFcd2FCOmZdVDnM,Immortal Technique,Dance With The Devil,9:39,2024-04-29
2CLSHTGF4jYXx2RCz1h0dS,Sublime,"April 29 1992 (Miami)",3:53,2024-04-29
6aLmvz0CPeCNHCXK2H5QIC,Beck,Debra,5:43,2024-04-29
2VGDntFPvgvqSiUf9ITEfW,LCD Soundsystem,Someone Great,6:30,2024-04-29
4XiDAxr6alWzxm24i2Rt4K,The Beatles,A Day In The Life,5:08,2024-04-29
1jXky83x0PR5nrRbAleiJC,Harry Chapin,"30000 Pounds of Bananas - Live",11:24,2024-04-29
1lo9k4PrxFd5Np4cAxXoKo,Nine Inch Nails,Hurt,6:16,2024-04-29
3B9rkj19z4Hno7NdkN6cNe,MUNYA,Un Deux Trois,3:30,2024-04-23
260V7huyJrXnyYe0dFv2Fa,Polo & Pan,"Canopée",4:36,2024-04-23
0r4HuzLAFMs9XEMf9FSnH9,Princess Party Mountain,Donostia,4:36,2024-04-23
3RAFcUBrCNaboRXoP3S5t1,Slipknot,Psychosocial,4:44,2024-04-19
2RBDtrXZ5LDAfKtmkrJFAv,GRiZ,Mystik Dub,3:38,2024-04-17
46xqXoohiUXCZo4K34LG4G,Mac Miller,Outside,3:37,2024-04-17
7aQjPecQdIuNd1sz3KCDhD,The Cardigans,Lovefool,3:14,2024-04-17
3Ye9CND8ke6F1wozOhG0XD,Allman Brothers Band,Jessica,7:31,2024-04-17
4UQDZlZhGUDoYMohwrY28v,Jamiroquai,Virtual Insanity,3:49,2024-04-17
6GBEqPpPsxf1NOtA4TGno4,Split Chain,Future,2:41,2024-04-17
1AMADyXgIWayh5vXLZo2qF,Basement,Covet,3:47,2024-04-12
3RzYbj6Rr6mSJCar4Ua86F,VIOLENT VIRA,I Don't Care,3:01,2024-04-09
7DzktdAh3zTT5Li8vam9tt,Tom Petty; Jeff Lynne; Steve Winwood; Dhani Harrison; Prince,While My Guitar Gently Weeps,6:21,2024-04-08
3LqBeDGVNO750J421XVIcH,Pink Floyd,Sorrow - Live,10:49,2024-04-08
5HNCy40Ni5BZJFw1TKzRsC,Pink Floyd,Comfortably Numb,6:22,2024-04-08
2lk8WgD5OirqjGNaY8M3hO,Jimi Hendrix,Purple Haze - Live at Woodstock,4:24,2024-04-08
2dEmgFg56MCm66Fg7M8j4e,Josh Smith,Penance,6:35,2024-04-08
1nTIlEfFDYpeRTkvhdF6I3,Joe Satriani,If I Could Fly,6:31,2024-04-08
0dqGfCMAGyDgpUAgLNOjWd,Metallica,Fade To Black,6:57,2024-04-05
4anNi7mPKoyHPll6yfC6fK,Joel Lyssarides,As Night Let Down Its Curtain,1:33,2024-04-03
7ApoQAZIblqnGXhdt3ggp8,The Dave Brubeck Quartet,Koto Song,3:01,2024-04-03
6Wnlq1Pu3I0BajLvxn05Vr,Aaliyah,Try Again,4:45,2024-03-30
4dVbhS6OiYfJikshyaQaCN,Foo Fighters,My Hero,4:20,2024-03-30
0qReQhzcmVMlJcKT1ZzBQ1,Boris,Electric,1:45,2024-03-25
76GlO5H5RT6g7y0gev86Nk,The Cure,Just like Heaven,3:32,2024-03-24
7b4yGtR0rujvLi5EBfKKJ2,Eddie Money,Take Me Home Tonight,3:31,2024-03-24
6m59VvDUi0UQsB2eZ9wVbH,Bell Biv DeVoe,Poison,4:22,2024-03-24
5NLuC70kZQv8q34QyQa1DP,Beastie Boys,Fight For Your Right,3:29,2024-03-24
5gS8whHdcpbkdz0qonQZF8,Talking Heads,Road to Nowhere,4:19,2024-03-24
4KFM3A5QF2IMcc6nHsu3Wp,Sting,Englishman In New York,4:27,2024-03-24
4AUS8KNz7zX8XFu9L38GT0,Peter Gabriel,Sledgehammer,5:12,2024-03-24
3fH4KjXFYMmljxrcGrbPj9,Simple Minds,Don't You (Forget About Me),4:23,2024-03-24
34x6hEJgGAOQvmlMql5Ige,Kenny Loggins,Danger Zone,3:35,2024-03-24
2LJeMUu1NY1h7tIN7VkfoK,Stevie Ray Vaughan,Superstition - Live,4:43,2024-03-24
1ZPlNanZsJSPK5h9YZZFbZ,Madonna,Like a Virgin,3:39,2024-03-24
1nmZ8yqKkfooOuYvtFctDp,Asia,Heat Of The Moment,3:48,2024-03-24
18AXbzPzBS8Y3AkgSxzJPb,Phil Collins,In The Air Tonight,5:36,2024-03-24
0qxYx4F3vm1AOnfux6dDxP,Paul Simon,You Can Call Me Al,4:41,2024-03-24
0QeI79sp1vS8L3JgpEO7mD,Prince,Let's Go Crazy,4:40,2024-03-24
5ASA1KxNfB27NiulCGNdT4,Al Hirt,Green Hornet Theme,2:20,2024-03-24
0pU0chaIUmgEDcZYo2MWfs,Floor,Sneech,1:02,2024-03-22
54J4SjLN5zUTGhAc2yLHF0,Boris,Rafflesia,5:33,2024-03-22
3PNuq4zUgDMTqdBuGeg50m,BABYMETAL; Tom Morello,METALI!!,3:29,2024-03-22
4Nl1otQJRury7dUhaJZuTS,Guster,Airport Song - Live from Portland Maine,3:24,2024-03-19
3QAE7ypzhNZzQxOjKCGHD9,Alice In Chains,Nutshell - Live at the Majestic Theatre,4:57,2024-03-19
0E9Ija4VqOEvZS25Lfxw4f,BOOGIE T.RIO; Boogie T,Dear Weed Man - Live,4:59,2024-03-19
4vVRvUKopyVtzr3MVoyFxX,REZN,Pipe Dream,2:08,2024-03-18
7t82TuRmHLvPqljErjvl6m,Nadja,Stillborn (a Fragment),1:40,2024-03-18
2Xqd2sxjWHEXmIUlsy6Od9,Boris,Vanilla,4:15,2024-03-16
7CYPzawmBUJUN3tDGhQh1I,Wisp,Enough for you,3:06,2024-03-16
3VPBPBZKxQu3bqeuzz8gRm,Lamp,Last Train At 25 O'clock,4:24,2024-03-16
2Wi5ubKr8zSk8L3CLemyS4,SEATBELTS,Tank!,3:30,2024-03-16
09xqp9eObeCLsRfyHadWow,Justin Timberlake; Tobe Nwigwe,Sanctified,5:12,2024-03-15
2WR6MC3545yuad4CyrWkVa,Tycho; nimino,Small Sanctuary - nimino Remix,4:12,2024-03-11
7HF9uQRXDrSX0uNHqkATBj,Zerb; Sofiya Nzau,Mwaki - Sped Up,2:58,2024-03-11
5CV5ZyiZTgrhPg6f8xm95h,Marc Rebillet,Surviving,1:20,2024-03-11
4NDhaxAmbKXM8LKrOPNxsy,Levity; Dem Jointz,Flip It,2:15,2024-03-11
7E6IFutWjPq3vAvSMNIjkP,Deathpact,0506+056,1:59,2024-03-11
2nLfEbR7w78ltUP8nnLc19,ZEP,MOSHQUITO,1:41,2024-03-11
74fmYjFwt9CqEFAh8ybeBD,Skrillex; Fred again..; Flowdan,Rumble,2:27,2024-03-11
7iXA7a53fVKxPJFJvebJ8P,The Kount; Marc Rebillet; Moods,The Way You Make Me Feel,3:25,2024-03-11
0McmABkx2zZQv5iQbCHuW7,MEZERG,Blue Pink Jam,3:04,2024-03-11
0UdjNJcpqV0bRuc4BynAlY,Las Grecas,Orgullo,3:22,2024-03-11
6YtJZvTgP7saEg7sfXQ4Kn,Paradise Regained,Boston,5:32,2024-03-10
75uvgVau7AVf8eSxhXmZAI,Doomtree,Final Boss,4:35,2024-03-10
2sKFeEy8ogXnzishBGh5on,Max Allen,Unionize,3:28,2024-03-10
6t54swsGBrVI8bIUTNEgss,Porky's Groove Machine,Don't Put Love in the Granola,4:54,2024-03-10
6RGXvExPr2zOTSfqqpRqx2,Dopapod,Mucho,6:33,2024-03-10
6o6Dmd2gQW3BXzyzxMHnfz,I Break Horses,Winter Beats,4:45,2024-03-10
3rv2u0rfXCZrUoeposkCML,Mary Clark,Take Me I'm Yours,6:58,2024-03-10
68kvypOTqfhvq4Se0HUIjN,James Hiraeth; Local; BSEARL,Radio - Remix,3:14,2024-03-09
3wzAXBZ6mhuYEzf2IJAbDc,Lorna Shore,Of the Abyss,5:43,2024-03-08
1LLiDI21J4WWlmqk7zsm9v,Spiritbox,Holy Roller,2:53,2024-03-02
5vYA1mW9g2Coh1HUFUSmlb,Matchbox Twenty,3AM,3:46,2024-03-01
2KVwlelhxKUy8LVV6JypH3,Matchbox Twenty,Push,3:59,2024-03-01
2jQ1P0aGT4WkNyJCeoQnb9,Joey Valence & Brae,PUNK TACTICS,2:24,2024-02-16
0Fl8ciGpmcUezzgaSKvysd,Alice In Chains,Check My Brain,3:58,2024-02-06
4CR6C67Fe6JqIqs8TvITf6,Ricky Bamboo,Universal Sound,3:52,2024-02-04
6GAemDMWAXa8wZOBkO1gar,A Tribe Called Quest,Buggin' Out,3:37,2024-02-03
3Ti0GdlrotgwsAVBBugv0I,A Tribe Called Quest,"Can I Kick It?",4:12,2024-02-03
119c93MHjrDLJTApCVGpvx,Wu-Tang Clan,C.R.E.A.M.,4:12,2024-02-03
4wteGC0HtLeZWjDcczc4Pw,Skrillex; Missy Elliott; Mr. Oizo,RATATA,2:07,2024-02-03
7oFiFPltiQTBqVutyiSwvE,Madvillain; Madlib; MF DOOM,Figaro,2:26,2024-02-03
2eRPqH2I3ap7o2s0GGekoy,Marc Rebillet,Night Time Bitch,0:55,2024-02-03
6fyfrrqJe9XOlNNgxHwJ3h,Beastie Boys,Flute Loop,1:55,2024-02-03
7CH99b2i1TXS5P8UUyWtnM,Thundercat,Them Changes,3:08,2024-02-03
0lwkzF4dDxLp8HMVSQjpFf,Joey Valence & Brae,HOOLIGANG,2:48,2024-02-02
4t2qbVfVptCmmGkxLV3rA5,Karsh Kale,Liberation,4:57,2024-01-28
4UPNrU3SCxNxa4qXcM3oOs,Antonin; Polo & Pan,"Ça fait du bien - Polo & Pan Remix",3:01,2024-01-07
63GJDO5mxiFP1ZQEpdUWRd,Polaris,The Remedy,4:04,2024-01-02
4sf4Lq52b2iCoAgpge7a9g,Plastic Bertrand,Ca Plane Pour Moi,3:02,2023-12-31
7aKWgpecgLEqisWcXPElDl,CAKE,Never There,2:44,2023-12-29
2qJZU5QeYYYiPtlSd58qBH,Bats,Going For Oysters,4:36,2023-12-23
5OWFIt6KM0AO8hrtSOopSf,Alberto Baldan Bembo,Trop's,1:56,2023-12-01
3FI0iAAAjmR31xpZEwbdys,Spiritbox,Circle With Me,3:54,2023-11-19
0VwEIRp1gZihPBqQVKBd9w,Currents,The Death We Seek,4:06,2023-11-17
5EoYc5wvRYOtkudLfrjsL1,Sam Cooke,Bring It On Home to Me,2:44,2023-11-03
0WSlOSMLJWoWUpWci9nnRb,The Meters,Cissy Strut,3:07,2023-11-03
4E6wpXABj8XosZEPXZz2OK,Meshuggah,Bleed,7:23,2023-10-23
1qHNXbwUpOaeqM5jbK77tn,Mogwai,Mogwai Fear Satan,16:20,2023-10-23
7zKoAeplPMS3bcqIZ4crp4,After The Burial,Lost In The Static,4:33,2023-10-19
0diSnstejl46AiNC2ISoeW,Emmure,You Asked for It,1:32,2023-10-19
1kbwEcixFWVj5dFO9Kso3J,Power Trip,Executioner's Tax (Swing of the Axe),3:45,2023-10-19
0pwObEOHolQZSldJ2q1wpy,TOOL,Stinkfist,5:11,2023-10-19
3q7kMFce0TnDafVUzq8IpE,Spiritbox,Holy Roller,2:53,2023-10-19
0AiCAbg6Xb4uGk9bB5L1jw,Evinha,Esperar pra Ver,2:08,2023-09-10
399Hm1oqfzzQaZRu3CtVMb,Jorge Ben Jor,Take It Easy My Brother Charles,2:36,2023-09-10
6SCtl3DTOZ81LyMVARmozp,Douglas Germano,Quarta-Feira de Cinzas,1:06,2023-09-10
3BpiaGyTIb7VIoAYbvSzTH,Tim Maia,"Réu Confesso",3:38,2023-09-10
0MT6ecgiLweuA4nd9NTGll,Erasmo Carlos,Gente Aberta,2:20,2023-09-10
2EoOZnxNgtmZaD8uUmz2nD,Soundgarden,Black Hole Sun,5:19,2023-08-25
710B9xFjNOisQtKtppZE9p,Type O Negative,Black No. 1,11:16,2023-08-21
4eGHEHqoDMMejzPhRFTc7p,Type O Negative,I Don't Wanna Be Me,5:09,2023-08-21
21O0XXPEWPtePt5RMY93Ob,Madvillain; Madlib; MF DOOM,All Caps,2:10,2023-08-20
3cxZT78mZDyLsLPJKcTu3U,Faye Webster,Right Side of My Neck,2:33,2023-08-19
3dgk9BJw49CNkw9dN3FzRq,Christina Vantzou,At Dawn (Mixed),1:45,2023-08-12
38KFHXttkrIpnUd0tTvkZj,DjRUM; Zosia Jagodzinska,Creature Pt. 1,4:43,2023-08-12
7ic8N154Eqo5Gd5fU38Zku,Biosphere,The Sudden Rush,3:28,2023-08-07
5L8ta4ECl5zeA6bGqY7G38,Benny Goodman,"Sing Sing Sing",8:40,2023-08-05
2brxFq9YHrI4v6RGrocn5X,Roy Orbison,Dream Baby,2:34,2023-08-05
3vST7tho4iT90949PEtM7i,Jorge Ben Jor,"Bebete Vãobora",2:35,2023-08-05
0o1cEv8XfdMup4wkrDUmgw,Black Moon; Smif-N-Wessun,Make Munne,4:25,2023-08-05
5lzLhFRsmQ7oOgbMOnbMmb,Supergrass,St. Petersburg,3:10,2023-07-25
37JISltgxizbDAyNEEqkTY,Radiohead,Planet Telex,4:19,2023-07-25
37pKTyMwalomKCZjxTc2QZ,Cocteau Twins,Cherry-coloured Funk,3:12,2023-07-25
0cG9ocYqYOIVtgiWTmTe3g,Red Hot Chili Peppers,Breaking the Girl,4:55,2023-07-25
5OnyZ56HLhrWOXdzeETqLk,Björk,Human Behaviour,4:12,2023-07-25
2QwObYJWyJTiozvs0RI7CF,Radiohead,Street Spirit (Fade Out),4:14,2023-07-25
1FvDJ9KGxcqwv1utyPL3JZ,The Smiths,This Charming Man,2:43,2023-07-25
79RYNk7I1YDy4RLPamenAn,Ludwig van Beethoven,"Symphony No. 7 II. Allegretto",7:45,2023-07-23
7iZ3N3mKXPiQxT4eyTi1Xd,Justice Der,Don't Kill My Vibe,4:12,2023-07-21
37vEa9sfgAqEZuqX8AX0Zk,Bill Evans Trio,Nardis,5:49,2023-07-11
0aBBIonGDbOcEyntUARrUV,Elder,Gemini,9:40,2023-07-09
2js7fmpprUVcYLoy8lXRz7,Clark; Oliver Coates,Lovelock,1:41,2023-07-06
6rfVO09kcyKhUcfQkhUpX4,Röyksopp,"(Nothing But) Ashes…",1:53,2023-07-06
3M7Nmb1161pPb1eUPrsVMS,Sweeps,What I'm Giving You,1:57,2023-07-02
6j0EkGINUEDwCxt6BeUQnX,Cobra Man,Manramp,2:03,2023-06-30
6clrt5x5viq13LZwEnHcur,Sergio Mendes & Brasil '66,Mas Que Nada,2:41,2023-06-30
1bevrs76fdGW3y03R5q6GB,50 Cent,Window Shopper,3:12,2023-06-29
2qG5sZ7Si6sdK74qLxedYM,ROSALÍA; J Balvin; El Guincho,Con Altura,2:42,2023-06-29
4yl1IpHPuXUV2MjxXy6hZn,Red Fang,Wires,5:43,2023-06-23
3gjIUgybGJCPDaPFSjmpBs,Wand,Fire On The Mountain,5:07,2023-06-21
0Wh99eifNTNqDFRtzWhCE2,Stan Getz; João Gilberto; Astrud Gilberto; Antônio Carlos Jobim,Corcovado,4:17,2023-06-19
1xBNJg2dvZsmUM4yoBag9N,João Gilberto,Bim Bom,1:17,2023-06-19
7z3l6quyFofhd78Vx94fi1,Stan Getz; João Gilberto; Antônio Carlos Jobim,The Girl From Ipanema,5:22,2023-06-19
6MNfmGsR6BIUzgP0yDkzi3,João Gilberto,Bim Bom,1:13,2023-06-19
7zFXDAZ2V52022GPNYOxyH,Magic City Hippies,Queen,2:26,2023-06-18
4au9zOGq4UoV03sLuXFZZI,Ritt Momney,HEADSTART,3:10,2023-06-18
4Z5C9LDf5S5pWFAoPWN4ej,Bill Withers,I'm Her Daddy,3:20,2023-06-18
3X7uFMzJrEE0sxn62qd8Ch,Starship,Nothing's Gonna Stop Us Now,4:30,2023-06-16
2Szp5uQStSRxZnLQhsvfkC,Tonebox,Celestial Breakdown,3:35,2023-06-16
1jGL6zAuki7S4f7vtvAtr3,Perturbator,The Uncanny Valley,6:55,2023-06-16
1Q2DmbanwxK8YpQNPgMTC7,Fernanda y Bernarda de Utrera,Romance de la reina Juana,2:60,2023-06-14
67HPuWyT3SUmUwVqg6xEnH,Los Ros,"Cuéntame Cosas Tuyas",2:43,2023-06-14
6lQE6LF3MU63Z6VyhPxaV3,Hum,Stars,5:09,2023-06-13
4grR2rIiiRTtn54wOUuxMN,Melt-Banana,Then Red Eyed,1:19,2023-06-13
1Nt0O2VIAhUTRIeQfaPhoZ,The Animals,Don't Bring Me Down,3:17,2023-06-13
1uaGSDFsLdReQgg8p7Obwh,Aphex Twin,Avril 14th,2:06,2023-06-12
5TvlGsoPtV8ZrL62SpqKtV,Rei Harakami,come here go there,6:51,2023-06-12
3JlAKU6ysNKgeAmrVDEpc6,Styles P; Pharoahe Monch,The Life,3:48,2023-06-12
7LX4aXtvImhdgUHQBlo8Kp,Cigarettes After Sex,K.,5:20,2023-06-11
4bEC9WAGg0ednUtNAlgZV4,Styles P; Pharoahe Monch,The Life - Album Version Edit,3:09,2023-06-10
5DnoDSaY1QY0oyuyWn7FGf,The Third Bardo,Lose Your Mind,2:16,2023-06-10
4ACxa9buEUnOdYEoPcnMpi,White Town,Your Woman,4:20,2023-06-09
0KQd3QY1Y8zC2rfO4ZBQRC,Del The Funky Homosapien,Mistadobalina,4:20,2023-06-09
6PqTiaqwOqGHs24PPwdaM5,Las Grecas,Orgullo,3:48,2023-06-04
5zwz05jkQVT68CjUpPwFZe,Nas,N.Y. State of Mind,4:54,2023-05-31
3W3xcAOWb0TkMqqI7Rd5xg,Biosphere,Angel's Flight,5:52,2023-05-30
3hhbDnFUb2bicI2df6VurK,Leon Bridges,River,3:59,2023-05-29
7AMGMiTQPTzDnQO7oHXggs,The Faint,I Disappear,4:07,2023-05-29
5I9sHwLDX28tLtzVgKLtpr,Dean Martin,Everybody Loves Somebody,2:47,2023-05-28
6rLqjzGV5VMLDWEnuUqi8q,Martha Reeves & The Vandellas,Dancing In The Street,2:45,2023-05-28
65jrjEhWfAvysKfnojk1i0,The Drifters,Under the Boardwalk,2:42,2023-05-28
7cRGgrQ9eg8V8A4FsSj020,Gojira,Another World,4:25,2023-05-28
3rgWIXxgrTBrPkI9UrZn5q,Gatekeeper,Serpent,3:25,2023-05-26
118ke6oeNibDPmh1EHPn62,TOY,Conductor,7:08,2023-05-26
1VT4hCdbHrn87tfXXGyOOp,Alice Coltrane,A Love Supreme,10:04,2023-05-12
4VC2LUKfqd8J0poU7kdLVH,Monuments; Mick Gordon,False Providence,5:02,2023-05-04
27Wy3mCVRdW9ih3jFxRvtb,Tim Hecker,The Piano Drop,2:54,2023-04-09
5MbXzXGbqobR8xPVPs8OXA,Simon & Garfunkel,The Only Living Boy in New York,4:02,2023-03-26
7ixiCZEHWHc8FxaQXQh2P4,Sister Nancy,Bam Bam,3:17,2023-03-26
5lc9L9FeLBwlJPgEbq9uEw,Funkadelic,Can You Get To That,2:50,2023-03-26
47FmTHqPWGWEfbgDpLjvCt,Khruangbin,Dern Kala,3:40,2023-03-24
0PqFOINAWryIGXOLbZmR2e,Arbour,All The Time [bonus],2:24,2023-03-24
3Czw867MbvBiyEd1QCvjmq,Terrace Martin; Robert Glasper; 9th Wonder; Kamasi Washington; Dinner Party; Phoelix,"From My Heart and My Soul",2:30,2023-03-24
4a2uqVlpRChHj32EjJLu7G,Tyler Childers; OurVinyl,Nose On The Grindstone,3:24,2023-03-20
4Bu4aJ7xLdIeRnD69pFBXU,Tyler Childers,Long Violent History,3:10,2023-03-20
7r2wvO9jgwqKQxEwCkyDOP,FEYNMAN,ITHACA,1:58,2023-03-16
6qelWJZgIv9woWtbOfrktP,Anomalie,Velours,4:16,2023-03-16
1xz4K9M6u70E31McEgTbb4,Mono/Poly,Ra Rise,3:48,2023-03-16
6tGH8Z7P4M4GtO9gqhmHfM,Anomalie,Crescent,3:14,2023-03-16
2kPEP1PpSOgnEM97VhS4uO,The Kount,Yesterday's Gain,5:10,2023-03-16
1y386OwuJG2bfJJkmVdAPe,The Kount; Kaelin Ellis,CAFFEINE,1:01,2023-03-15
5Tq9yXnqdp61596NVclAPz,The Kount,Cold Turkeys,1:55,2023-03-15
0nDgNDcrAmeMq9RMw1Xytz,The Kount; Kaelin Ellis,SUNDAY STROLL,1:25,2023-03-15
7uHPeQJmdhQMW32Jlyfsmr,Life On Venus,Around the Sun,2:30,2023-03-13
161Fnpxa2XkA5uWHp7WZag,SOM,Youth // Decay,5:36,2023-03-13
0yzjqS9Ya9tE0QAYizgpNe,Team Sleep,Ataraxia,3:17,2023-03-08
2tr4oclswJ6v3dfDlI01HD,Nils Frahm,Them,3:60,2023-03-07
7EzsrJjJQBXRPiAPijADtG,ミドリ,ゆきこさん,3:08,2023-03-03
0b4TKuvZ4eJ8eHgJgXaCnN,Loathe,Two-Way Mirror,5:00,2023-03-01
7sZD8tOmfRUObogGX8VzfZ,Chris Cornell,Billie Jean,4:41,2023-03-01
3MMHgcAQMAsSyXGRDG7WUQ,Greg Spero; Chesley Allen; MonoNeon; Ruslan Sirota,Meh - Tiny Room Sessions,3:06,2023-02-12
5ijoR5YYENoi96iWEtTweq,Javier Santiago,Intro - ReBirth,0:57,2023-02-11
1OScugH2zx76lKKMZ1BOhA,Greg Spero; MonoNeon; Ronald Bruner Jr.,Sand Sun and Flower - Tiny Room Sessions,2:22,2023-02-09
5PurHGjwfAQel15O4ZIiGu,Broken Social Scene,7/4 (Shoreline),4:54,2023-02-06
4tBl1xhBg5PETpBvFnQmGl,Pavement,Cut Your Hair,3:07,2023-02-06
5LzA8stjiwSi6m4ZIj3Kgm,Rilo Kiley,Wires And Waves,3:18,2023-02-06
29FQEJUtBAnxWEkux39d7I,Nick Cave & The Bad Seeds,O Children,6:51,2023-01-30
4coYVm83MTdcEKlWcbU4Zh,Mastodon,High Road,4:16,2023-01-23
7vFft9G8FTZwsBJ98a7Bft,And So I Watch You from Afar,Set Guitars to Kill,5:30,2023-01-12
06WHKWWKPDqkWA5yHCCRUs,Centaur,The Same Place,7:35,2022-12-23
1j7wEQzZkqwUe7YyAVmwjL,Slum Village,Players,2:26,2022-12-18
6ywnTBL62OTd8HUaztJizb,J Dilla,"Time: The Donut of the Heart",1:39,2022-12-18
2csZLnXBMuw6ETZuRxdUZF,Flying Lotus; Denzel Curry,Black Balloons Reprise,2:42,2022-12-18
4BnrGx9tWNF8aiXl1UhDBa,MF DOOM,One Beer,4:19,2022-12-18
6K6rqLZ7PBDx3PNA4snQzK,King Geedorah; Trunks,Lockjaw,1:03,2022-12-18
5KUNwkaNf8l5A9sXZhiCgI,MF DOOM; Mr. Fantastik,Rapp Snitch Knishes,2:53,2022-12-18
0NNcqfgzO4ivslX7ALoz17,And So I Watch You from Afar,Big Thinks Do Remarkable,3:52,2022-12-18
4eml8c7ZKYbMPFNgtfiwou,The Cactus Blossoms,Powder Blue,2:24,2022-12-17
0iG8xWaMt2FdcNOkOZiz7H,Justin Townes Earle,If I Was The Devil,2:35,2022-12-17
4u2TjVvixbPrcMZntDIQE6,Blaze Foley,Election Day,2:24,2022-12-17
4WZb6UurjjVs2W6ClgwirI,Tom Waits,Hell Broke Luce,3:56,2022-12-04
141XsxpUkbj7AkQKT8vySq,Tom Waits,Goin' Out West,3:20,2022-12-04
1dwC0I32wb53mXCECR4ZY7,Nothing,Zero Day,3:57,2022-11-16
5918U5xYBF6Dx6T36fwxlw,Nothing,Famine Asylum,4:10,2022-10-25
2KqKu9seZepmo9uKo6VyD8,The Daysleepers,Flood in Heaven,5:01,2022-10-09
1U2yqd3Bp4vBuIQ3NGfS6C,Polyphia,O.D.,3:22,2022-09-06
0YPuRrM2NwzdtuShUKkts6,Polyphia,G.O.A.T.,3:36,2022-09-06
3nBGFgfRQ8ujSmu5cGlZIU,Polyphia,Playing God,3:26,2022-09-06
69YMIwp4Lra5rOR1BshxmX,The Surrealist,Lux,3:13,2022-09-04
7M7p02tAX11OY4vnU4GjMP,Jakub Zytecki,Sunflower,3:03,2022-09-04
1QZYHvkDtCNpNlJDBDAoar,Their Dogs Were Astronauts,Low Life,3:38,2022-09-04
242gNZQKPCZQIhrHI4Kuox,Jnathyn,Dioma,3:52,2022-09-04
2Hv4izofAjPpHD4CtdemPP,Kjjjjjjjjj,Cartus,3:05,2022-09-04
7D4lgMbSs10AQ0zX3ZldJc,Polyphia; Sophia Black,ABC,2:32,2022-09-04
0BuW9fqt8OwlvrId32gH10,The Contortionist,Language I: Intuition,5:24,2022-08-19
4llDF3RuBQYj2nkjTCJY4w,This Will Destroy You,Quiet,4:53,2022-07-21
6xG98dEo5in1q1XzKItax4,Dark new Day,Brother,3:53,2022-07-08
6cWjeUN9zJvcl1Ir6Kc366,Fugazi,Break,2:11,2022-06-02
6d4FWjx72iuRWzn1HwywLK,Black Pumas,Colors,4:07,2022-05-28
3Ty7OTBNSigGEpeW2PqcsC,Portishead,Glory Box,5:09,2022-05-28
4lSYhsS2dGIYVUqGc5LirL,Caligula's Horse,The City Has No Empathy,6:10,2022-05-19
1EKk6Xvei9N9scaQcrax2S,This Will Destroy You,The World Is Our ___,7:12,2022-05-15
2yWAPCnRMbpbGqVHAZzqgJ,Polyphia; Jason Richardson,Nasty,4:40,2022-05-11
4wYpjral4wvOld6talKDM4,Isaac Albéniz; Simon Dinnigan,Asturias (Leyenda),6:43,2022-04-08
3Mbkhd9tdMwyqbrVE3IODX,Jack Wilkins,Red Clay,4:59,2022-04-02
65a5XISI9lmVThB7MvRMva,Branko Mataja,Sreo Sam Te,3:30,2022-04-02
4nQm99PPXFjr67oMLO7B1H,Wallias Band,Muziqawi silt,3:46,2022-04-02
4GNBjMLPjb0YaHlRv7dBR2,Orchestra Baobab,Kelen ati leen,3:39,2022-04-02
4E338dZ3I1twCT9uzqqR4o,Joe Mcphee,Shakey Jake,13:36,2022-04-02
5H4jqUyGlm58FpRo6wZQxi,Puppet,Listen to the Storm,4:24,2022-03-20
3rkJH9BaiCWpRY718WTkBP,Floating Points,Falaise,3:54,2022-03-20
1c7inucFjGndMO3QTsl0lg,Max Cooper,Resynthesis 3D,4:56,2022-02-17
0sJVAbCC9StienURrJlILp,Mong Tong,"Yún Xiēn 雲仙",6:13,2022-02-10
1rHQVcUIkpeHrzj6z74Emy,Papadosio,Cubensis,5:32,2022-02-08
1e1IiUItCGhp8LvU8aZ213,Stoned Jesus,I'm the Mountain,16:02,2022-02-08
4bTkD3JiPKuU76nngz8q61,And So I Watch You from Afar,Set Guitars To Kill,5:30,2022-02-08
7pEqvYRpacYE93QStSjhUH,Indukti,Ninth Wave,11:32,2022-02-08
5SCCzPzozC2v2wqHev6M0M,Oceansize,Catalyst,6:41,2022-02-08
1auX4gkGe7hbrOH0BXdpV4,The Prodigy,Firestarter,4:40,2022-02-03
5eS6pTvDNOvh2kyxeZtK3r,Daft Punk,Robot Rock / Oh Yeah,6:28,2022-01-26
1rbH1KmfxUjVlt8GCjgZSE,Jon Hopkins,Neon Pattern Drum,6:07,2022-01-20
47DeTufpEGrePu6TaVEuoN,Jóhann Jóhannsson,Epilogue,1:49,2022-01-14
7rHLdW9JCTxj7yIFafHqRo,deadmau5,strobe - ov,5:11,2022-01-05
59WN2psjkt1tyaxjspN8fp,Rage Against The Machine,Killing In The Name,5:14,2022-01-03
3yYk5jhpqHF6lpIyvjhTRZ,Lane 8,Just,4:51,2021-12-14
1euDTbMNRPNfKd8zZz4zTT,Michael Jackson,Give In to Me,5:30,2021-11-23
21rVSdH4e0opHfu5rJ8agX,FEATHERED SUN; Jo.Ke; Chris Schwarzwälder,Bulbo,6:08,2021-10-27
4RIlInNHIduhE7l84PODhK,Populous; RIVA,Batismo,3:12,2021-10-27
1guCON9841cQwAlbNplLsY,Phoebe Bridgers,Nothing Else Matters,4:35,2021-09-10
2diAXaP8GEWHa6ORPctFnh,Chris Stapleton,Nothing Else Matters,8:15,2021-09-10
43YC4iYmSsYueViJR4dBGA,Miley Cyrus; WATT; Elton John; Yo-Yo Ma; Robert Trujillo; Chad Smith,Nothing Else Matters,6:36,2021-09-10
0ws0fhTBH7cpouQ6dn80yM,Kamasi Washington,Can You Hear Him,8:55,2021-09-01
414J8tKHbtF16XOiHGBEso,Mulatu Astatke,"Tezeta (Nostalgia)",6:17,2021-04-14
7BsPyswBtiM1PbPnUnuNzE,Covet; San Holo,shibuya,5:46,2021-03-07
1hgX0ZmmP7IRRjUFCIBrnQ,Rhye; Poolside,Feel Your Weight - Poolside Remix,5:10,2021-03-01
6Z4sYitEPKOwIMV3S6n2uT,Camille Saint-Saëns; Camille Thomas; Orchestre National de Lille; Alexandre Bloch,"Cello Concerto No. 1 I. Allegro non troppo",5:56,2020-10-18
5ofhenrlYG5L38PSBTxJua,Isaac Waddington,To the Moon,3:14,2020-08-26
2Hnurh1BcigGbCGFOb4Uid,Franz Liszt; Lang Lang,La campanella,4:48,2020-06-06
0Psz3az3RIYfJpnsajBT8N,Polo & Pan,"Nanã",3:11,2020-05-29
0mGK1gtSjRby2jNnRCQxWi,KARLK; Sn4tch,Esperanza,4:08,2020-05-27
6EF0xhfKtQNqUPz2mnE5BD,Mastodon,The Motherload,4:60,2020-03-05
6KdqE1loutetHOOJCTt0qc,Point Point; Pyramid,Serious Mood,3:39,2020-02-27
6gllTV2Gyhpn7OwunTAaQH,Max Richter,The Consolations of Philosophy,5:37,2020-02-11
3k5oLgungD1dSOGLqQdIQw,Khruangbin; Leon Bridges,Texas Sun,4:13,2019-12-27
5ZfsG6AXxJBSaiAyKuTSgy,Pearl Jam,"Love Reign O'er Me",5:33,2019-12-27
2V2cZiuHj1Za9DF3GAfgBu,The Shins,New Slang,3:50,2019-12-27
0pyJV9BsFlW8o87jgHQ18f,Trent Reznor and Atticus Ross,"LIFE ON MARS?",2:54,2019-12-27
2yNcl1LniWpmIraPjMT6zh,Frédéric Chopin; Vladimir Horowitz,Nocturne in E-Flat Major Op. 9 No. 2,4:26,2019-09-15
1XDTqKSYyUv9pwGFyq5hvC,Frédéric Chopin; Vladimir Horowitz,Nocturne in E Minor Op. 72,4:15,2019-09-14
3QwF0hyzVzboS7OHiRYlP2,Frédéric Chopin; Vladimir Horowitz,Nocturne in E Minor Op. 72 No. 1,4:16,2019-09-14
0dIg2sKreVGnWJPSPotagc,Nils Frahm,Spells,12:35,2019-09-13
5whlPfghDmlM1e660y0u6D,trentemøller,November,6:49,2019-09-13
05ST29gNqPs6wqLX3YnR4T,Max Richter; Tilda Swinton,The Blue Notebooks,1:20,2019-09-06
56oReVXIfUO9xkX7pHmEU0,Max Richter,On the Nature of Daylight,6:12,2019-09-06
37xq4ONkOsboVdMMkYhdOm,Max Richter,Horizon Variations,1:53,2019-09-06
4cXFtk0n7aPjiypuF1HFaA,Max Richter; Tilda Swinton,Shadow Journal,8:23,2019-09-06
6h3detvfBsYvepS77rckEv,Max Richter,Iconography,3:39,2019-09-06
6a7vpKrVXdAyMItaQI9ZYS,Max Richter,Vladimir's Blues,1:19,2019-09-06
5ZN8rZBcZKqGFcAD8er941,Max Richter; Tilda Swinton,Arboretum,2:54,2019-09-06
5OiQrtOkyU2sY7UPmGtUYJ,Max Richter; Tilda Swinton,Old Song,2:11,2019-09-06
0xyUCEk6IkYMN6asvcavk9,Max Richter,Organum,3:13,2019-09-06
3u7yhrMVrJ4qpe0jzDnEmT,Max Richter; Tilda Swinton,The Trees,7:53,2019-09-06
2ffwBvpsQhgXyU7zBUOhwP,Max Richter,Written on the Sky,1:40,2019-09-06
54Hw7R909mkcRNpqW2VnaD,Max Richter,A Catalogue of Afternoons,1:51,2019-09-06
0tYuVSs2DqXhtXT4JzDWSt,Max Richter; Lorenz Dangel,On the Nature of Daylight - Orchestral Version,6:36,2019-09-06
63BuWRRIrcQlxuxPmU87kQ,Max Richter,Vladimir's Blues 2018,1:30,2019-09-06
6lvJV4kU2oXyjeP2QoXK7k,Max Richter,On the Nature of Daylight (Entropy),6:54,2019-09-06
3L3pw1geFsZOVuk21Yuvzl,Max Richter; Jlin,Vladimir's Blues - Jlin Remix,3:45,2019-09-06
66ryeLWoLiiUzqI04NuLGB,Max Richter; Konx-Om-Pax,Iconography - Konx-Om-Pax Remix,3:56,2019-09-06
0fVUKrJpQM7jMTgOABVkyi,Clyde Otis; Max Richter; Dinah Washington,This Bitter Earth / On The Nature Of Daylight,6:13,2019-09-06
0g14q3zrGDf8GiVH8WnDl8,F.S.Blumm; Nils Frahm,Valentine My Funny,7:16,2019-09-04
31joRJoijYOGBIW4444Fwk,Red Fang,Prehistoric Dog,4:28,2019-08-30
1vNoA9F5ASnlBISFekDmg3,Bad Wolves,Zombie,4:15,2019-07-27
6rPL9C1JddZXg5qERuHrie,Myles Sanko,Just Being Me,3:54,2019-07-27
1HLzOkMLl4m7phBs846sNG,Russian Circles,Youngblood,7:35,2019-07-27
7dUCFnaGSWLH6SdDP08NLP,Da Vinci's Notebook,Enormous Penis,2:45,2019-07-27
5AatEZYp1CnnyHnJteEAwh,Æther Realm,The Fool,7:55,2019-06-11
5DbKVjLGkzoceLeP4LmUhL,Æther Realm,Tarot,4:23,2019-06-11
1WLu8EOKXRn5XLotgZiqcs,Æther Realm,The Tower,2:56,2019-06-11
0z7wk0UN39Ad7vVznUQjfm,Æther Realm; Chris Bowes,King of Cups,4:59,2019-06-11
5fCxA8Tn0SqqriqJxjSSXT,Æther Realm,Death,4:28,2019-06-11
7ePSdPdoPi1OSORamul3nR,Æther Realm,The Chariot,6:24,2019-06-11
4Lm1hq3xUwD0vgsBebkY9t,Æther Realm,The Devil,8:45,2019-06-11
33JK0pxOCr6pjxYR05clVp,Æther Realm,The Emperor,2:49,2019-06-11
5LCIJnENwUw8m75S04Xb8f,Æther Realm,Strength,6:17,2019-06-11
4SwOC2j3jou3UL454PIgzm,Æther Realm,Temperance,5:28,2019-06-11
3pWYd7jexG4v82Tl4hC0qR,Æther Realm,"The Sun the Moon the Star",19:10,2019-06-11
0AvBmRrqGbaWvHlS9oc2Ib,Nils Frahm,Immerse!,10:47,2019-05-13
2Fxmhks0bxGSBdJ92vM42m,Billie Eilish,bad guy,3:14,2019-05-07
1B56aMqrxvh3RNqqVi2pfh,Mike Patton,Sweetheart Bandits 2,4:43,2019-03-27
0GincWXWLcFwoWlB2dytmN,The Claypool Lennon Delirium,Little Fishes,6:06,2019-03-17
4TlFBaclopWlzNMAQTbznW,The Claypool Lennon Delirium,Blood And Rockets,6:30,2019-03-17
0yoFBb7Ndih88lRJSzkiku,The Claypool Lennon Delirium,South Of Reality,3:28,2019-03-17
33OOK7khLybof37ssC3uxB,The Claypool Lennon Delirium,Boriska,5:25,2019-03-17
4PjZoS3B2lUL6Sulg9QY4E,The Claypool Lennon Delirium,Easily Charmed By Fools,5:11,2019-03-17
7IPmmOkhYE1gJWMZQGBsCt,The Claypool Lennon Delirium,Amethyst Realm,7:47,2019-03-17
3RS3qLkp5ZzsYQBA12Wp01,The Claypool Lennon Delirium,Toady Man's Hour,3:13,2019-03-17
2oDccMKWbwA2Tbi8h8hxEr,The Claypool Lennon Delirium,Cricket Chronicles Revisited,6:23,2019-03-17
78Pp77SBn28c2VWh8hBpcJ,The Claypool Lennon Delirium,Like Fleas,3:31,2019-03-17
1AiaITWunwxnr5Iu0O7gjm,Nick Walters; The Paradox Ensemble; Rebecca Nash,34268,7:58,2019-02-10
0VqkTZuT2sk4jVmJYmi9hX,Nick Walters; The Paradox Ensemble; Rebecca Nash,Dear Old Thing,6:28,2019-02-10
1SABollfpkHdvppiXIpsqA,Nick Walters; The Paradox Ensemble; Rebecca Nash,Brahman,10:04,2019-02-10
1EBvbg4l0ved9EtzVFGRhD,Nick Walters; The Paradox Ensemble; Rebecca Nash,Zeno,8:06,2019-02-10
4OvRJwFYZsu3s0pw2HqdDZ,Rodrigo y Gabriela,Echoes,18:58,2019-01-31
25iyjeI9UFmn9Ra3WpTGAu,Night Verses,Copper Wasp,4:52,2019-01-29
2tlfCP9sbv7EiQETYBcSmX,Night Verses,Infinity Beach,5:49,2019-01-29
1Qo5nLKvPYqiTbXrM7YJjt,John Scofield,Green Tea,5:12,2019-01-29
7sP57RtB31LWReHyQ02RxX,Psychedelic Porn Crumpets,Denmark / Van Gogh & Gone,7:29,2019-01-29
4192Cf2os3iw1gvV0OVLQW,Strawberry Girls,"Black Night Golden Circus",6:11,2019-01-29
2sVVakpPOczcElrVJ9vNaK,Zoë Keating,Forest,0:45,2019-01-29
0hKUG5Lui8bG6tDVXTXR9r,Shye Ben Tzur; Jonny Greenwood; The Rajasthan Express,Kalandar,8:50,2019-01-29
7qzFXUvBk7lELXuxVREypV,Screaming Trees,Nearly Lost You,4:07,2018-12-27
2Npcykw8aIROp6jGjH8rDb,Ernesto Schnack,Lateralus,8:41,2018-12-19
5NVLof0mF9OkjtP5dtOiRB,Elder,Sanctuary,11:14,2018-06-07
2zGsystFbZwMAlrJYxPHNL,Atrey,Dark Prince Pt. 3,3:48,2018-06-07
2CvqA0HXoBk46epUacjLaB,Jon Kennedy,Bats in the Belfry,4:19,2018-06-07
5aQ5ZWnX5tVOIIHMRQgbRG,Hidden Orchestra,Western Isles,6:13,2018-06-07
3an4AA3vBuzfdyyQF4nsvF,If These Trees Could Talk,Swallowing Teeth,4:27,2018-06-07
25NrFB8QyBsPK89POiMPyk,Lettuce,Black Satin,3:31,2018-06-07
7nmtH3cyqEmKz8F09V60yO,Tame Impala,Powerlines,4:19,2018-06-07
0WC9LsPSCF2OnLrJ1xRCm4,Godspeed You! Black Emperor,Anthem for No State Pt. III,8:36,2018-06-07
1A2pG3i7cr5p8c1ujdCTyE,The Physics House Band,Mobius Strip,3:08,2018-06-07
7wjarvlMBkg2jd4O0Wb5ia,Naxatras,All the Stars Collide into a Single Ray,8:59,2018-06-07
59BrMMx45o2Q7GtJALMhAQ,Mingus Big Band,Moanin',8:59,2018-02-03
2jFzey7g0OhAqGjMLZZIgJ,Max Richter,Spring 0 - 2012,0:42,2016-03-29
4gmhjAsvL6c7se2PBh7dHw,Max Richter; Daniel Hope,Spring 1 - 2012,2:32,2016-03-29
4UAd0eKqASi9xUJet4n12I,Max Richter; Daniel Hope; Raphael Alpermann,Spring 2 - 2012,3:19,2016-03-29
0SpyrMXY2wykAlE9BMI1wJ,Max Richter; Daniel Hope; Raphael Alpermann,Spring 3 - 2012,3:09,2016-03-29
1Yt6et15Kl5a4DYdT3gpvK,Max Richter; Daniel Hope; Raphael Alpermann,Summer 1 - 2012,4:11,2016-03-29
6t2EkCZnvylR82FbHTA3eg,Max Richter; Daniel Hope,Summer 2 - 2012,3:59,2016-03-29
622SzYSd4p6ZahVRqS3DSv,Max Richter; Daniel Hope; Raphael Alpermann,Summer 3 - 2012,5:01,2016-03-29
2IZ2XmAFJA6gwcx4vi0OzV,Max Richter; Daniel Hope; Raphael Alpermann,Autumn 1 - 2012,5:42,2016-03-29
0rSxXzLUElLutIwxlyMT5T,Max Richter; Daniel Hope; Raphael Alpermann,Autumn 2 - 2012,3:08,2016-03-29
3mlGh8Kfo8mtb4sTzuizNl,Max Richter; Daniel Hope; Raphael Alpermann,Autumn 3 - 2012,1:45,2016-03-29
4zh10XoMG8T72WeOoGu69O,Max Richter; Daniel Hope; Raphael Alpermann,Winter 1 - 2012,3:01,2016-03-29
5diF2ij2phwGpTVQ57RPXf,Max Richter; Daniel Hope,Winter 2 - 2012,2:51,2016-03-29
6lGcajGc3KQzlfBmH7RiQK,Max Richter; Daniel Hope,Winter 3 - 2012,4:39,2016-03-29
7Kq7chOWLM3Byif0R1gicc,Max Richter,Shadow 1 - 2012,3:53,2016-03-29
2am2HxvwIzEIpxI8gwtHHb,Max Richter,Shadow 2 - 2012,2:30,2016-03-29
4zz96GfjZC1RVUgItTokiR,Max Richter,Shadow 3 - 2012,3:33,2016-03-29
7zmX6HIwejHggOFOf9obVh,Max Richter,Shadow 4 - 2012,2:33,2016-03-29
3dCqI9IdhqWSkfXLNjEefx,Max Richter,Shadow 5 - 2012,3:01,2016-03-29
3vA3kv3NDvOpFQA3bFkGbw,King Missile,Detachable Penis,3:23,2015-08-14
